Rk,Player,From,To,Draft,Tm,Lg,Ht,Wt,BMI,G,GS,Cmp,Att,Cmp%,Yds,TD,Int,Rate,Y/A,Y/G,W,L,T,Yrs,PB,AP1,AV
1,Peyton Manning,1998,2015,1,TOT,NFL,77,230,27.3,266,265,6125,9380,65.3,71940,539,251,96.5,7.67,270.5,186,79,0,17,14,7,271
2,Tom Brady,2000,2018,6,NWE,NFL,80,225,27.4,253,251,5629,8805,63.93,66159,488,160,97.6,7.51,261.5,196,55,0,19,13,3,255
3,Drew Brees,2001,2018,2,TOT,NFL,72,209,28.3,249,248,6222,9294,66.95,70445,488,228,96.7,7.58,282.9,142,106,0,18,11,1,239
4,Brett Favre*,1991,2010,2,TOT,NFL,74,225,28.9,302,298,6300,10169,61.95,71838,508,336,86,7.06,237.9,186,112,0,20,11,3,255
5,John Elway*,1983,1998,1,DEN,NFL,75,215,26.9,234,231,4123,7250,56.87,51475,300,226,79.9,7.1,220,148,82,1,16,9,0,203
6,Dan Marino*,1983,1999,1,MIA,NFL,76,224,27.3,242,240,4967,8358,59.43,61361,420,252,86.4,7.34,253.6,147,93,0,17,9,3,216
7,Warren Moon*,1984,2000,,TOT,NFL,75,218,27.2,208,203,3988,6823,58.45,49325,291,233,80.9,7.23,237.1,102,101,0,17,9,0,166
8,Joe Montana*,1983,1994,3,TOT,NFL,74,200,25.7,136,131,2696,4261,63.27,32482,221,107,93.4,7.62,238.8,99,32,0,11,7,3,130
9,Philip Rivers,2004,2018,1,SDG,NFL,77,228,27,196,192,4171,6492,64.25,50348,342,166,94.8,7.76,256.9,106,86,0,15,7,0,177
10,Steve Young*,1985,1999,1,TOT,NFL,74,215,27.6,169,143,2667,4149,64.28,33124,232,107,96.8,7.98,196,94,49,0,15,7,3,171
11,Troy Aikman*,1989,2000,1,DAL,NFL,76,219,26.7,165,165,2898,4715,61.46,32942,165,141,81.6,6.99,199.6,94,71,0,12,6,0,122
12,Donovan McNabb,1999,2011,1,TOT,NFL,74,240,30.8,167,161,3170,5374,58.99,37276,234,117,85.6,6.94,223.2,98,62,1,13,6,0,138
13,Aaron Rodgers,2005,2018,1,GNB,NFL,74,225,28.9,149,142,3188,4895,65.13,38502,313,78,103.8,7.87,258.4,94,48,0,14,6,2,157
14,Ben Roethlisberger,2004,2018,1,PIT,NFL,77,240,28.5,200,198,4164,6493,64.13,51065,329,174,94,7.86,255.3,135,63,0,15,6,0,171
15,Jim Kelly*,1986,1996,1,BUF,NFL,75,217,27.1,160,160,2874,4779,60.14,35467,237,175,84.4,7.42,221.7,101,59,0,11,5,1,132
16,Drew Bledsoe,1993,2006,1,TOT,NFL,77,238,28.2,194,193,3839,6717,57.15,44611,251,206,77.1,6.64,230,98,95,0,14,4,0,137
17,Randall Cunningham,1985,2001,2,TOT,NFL,76,212,25.8,161,135,2429,4289,56.63,29979,207,134,81.5,6.99,186.2,82,52,1,16,4,1,134
18,Boomer Esiason,1984,1997,2,TOT,NFL,77,224,26.6,187,173,2969,5205,57.04,37920,247,184,81.1,7.29,202.8,80,93,0,14,4,1,136
19,Rich Gannon,1987,2004,4,TOT,NFL,75,210,26.2,157,132,2533,4206,60.22,28743,180,104,84.7,6.83,183.1,76,56,0,17,4,2,120
20,Jeff Garcia,1999,2009,,TOT,NFL,73,195,25.7,125,116,2264,3676,61.59,25537,161,83,87.5,6.95,204.3,58,58,0,11,4,0,104
21,Eli Manning,2004,2018,1,NYG,NFL,77,220,26.1,216,214,4424,7396,59.82,51682,339,228,83.5,6.99,239.3,111,103,0,15,4,0,150
22,Tony Romo,2004,2016,,DAL,NFL,74,230,29.5,156,127,2829,4335,65.26,34183,248,117,97.1,7.89,219.1,78,49,0,13,4,0,116
23,Matt Ryan,2008,2018,1,ATL,NFL,76,217,26.4,159,159,3651,5636,64.78,42047,260,127,93.1,7.46,264.4,95,64,0,11,4,1,150
24,Michael Vick,2001,2015,1,TOT,NFL,72,215,29.2,143,115,1807,3217,56.17,22464,133,88,80.4,6.98,157.1,61,51,1,13,4,0,113
25,Kurt Warner*,1998,2009,,TOT,NFL,74,220,28.2,124,116,2666,4070,65.5,32344,208,128,93.7,7.95,260.8,67,49,0,12,4,2,113
26,Russell Wilson,2012,2018,3,SEA,NFL,71,215,30,96,96,1815,2834,64.04,22176,161,56,98.8,7.82,231,65,30,1,7,4,0,100
27,Mark Brunell,1994,2011,5,TOT,NFL,73,217,28.6,193,151,2761,4640,59.5,32072,184,108,84,6.91,166.2,78,73,0,17,3,0,120
28,Derek Carr,2014,2018,2,RAI,NFL,75,215,26.9,62,62,1378,2247,61.33,14690,103,44,87.5,6.54,236.9,28,34,0,5,3,0,40
29,Daunte Culpepper,1999,2009,1,TOT,NFL,76,264,32.1,105,100,2016,3199,63.02,24153,149,106,87.8,7.55,230,41,59,0,11,3,0,97
30,Andy Dalton,2011,2018,2,CIN,NFL,74,220,28.2,109,109,2217,3556,62.35,25534,167,93,88.7,7.18,234.3,63,44,2,8,3,0,83
31,Matt Hasselbeck,1999,2015,6,TOT,NFL,76,223,27.1,209,160,3222,5330,60.45,36638,212,153,82.4,6.87,175.3,85,75,0,17,3,0,111
32,Dave Krieg,1983,1998,,TOT,NFL,73,193,25.5,202,170,2992,5119,58.45,36803,252,192,81.5,7.19,182.2,96,74,0,16,3,0,133
33,Andrew Luck,2012,2018,1,CLT,NFL,76,240,29.2,70,70,1570,2651,59.22,19078,132,68,87.3,7.2,272.5,43,27,0,6,3,0,64
34,Steve McNair,1995,2007,1,TOT,NFL,74,235,30.2,161,153,2733,4544,60.15,31304,174,119,82.8,6.89,194.4,91,62,0,13,3,0,126
35,Cam Newton,2011,2018,1,CAR,NFL,77,245,29,109,108,2001,3420,58.51,25074,158,94,85.3,7.33,230,62,45,1,8,3,1,109
36,Carson Palmer,2004,2017,1,TOT,NFL,77,235,27.9,182,181,3941,6307,62.49,46247,294,187,87.9,7.33,254.1,92,88,1,14,3,0,142
37,Alex Smith,2005,2018,1,TOT,NFL,76,213,25.9,156,151,2877,4613,62.37,31888,183,96,87.4,6.91,204.4,88,62,1,13,3,0,112
38,Marc Bulger,2002,2009,6,RAM,NFL,75,215,26.9,96,95,1969,3171,62.09,22814,122,93,84.4,7.19,237.6,41,54,0,8,2,0,64
39,Chris Chandler,1988,2004,3,TOT,NFL,76,224,27.3,180,152,2328,4005,58.13,28484,170,146,79.1,7.11,158.2,67,85,0,17,2,0,102
40,Kerry Collins,1995,2011,1,TOT,NFL,77,248,29.4,198,180,3487,6261,55.69,40922,208,196,73.8,6.54,206.7,81,99,0,17,2,0,111
41,Dan Fouts*,1983,1987,3,SDG,NFL,75,204,25.5,60,57,1244,2071,60.07,15901,92,89,81,7.68,265,26,31,0,5,2,0,47
42,Trent Green,1997,2008,8,TOT,NFL,75,217,27.1,120,113,2266,3740,60.59,28475,162,114,86,7.61,237.3,56,57,0,11,2,0,111
43,Brad Johnson,1994,2008,9,TOT,NFL,77,226,26.8,177,125,2668,4326,61.67,29054,166,122,82.5,6.72,164.1,72,53,0,15,2,0,90
44,Neil Lomax,1983,1988,2,CRD,NFL,75,215,26.9,85,85,1589,2712,58.59,19829,127,74,85.6,7.31,233.3,38,45,2,6,2,0,67
45,Ken O'Brien,1984,1993,1,TOT,NFL,76,210,25.6,129,110,2110,3602,58.58,25094,128,98,80.4,6.97,194.5,50,59,1,10,2,0,86
46,Mark Rypien,1988,2001,6,TOT,NFL,76,231,28.1,104,78,1466,2613,56.1,18473,115,88,78.9,7.07,177.6,47,31,0,11,2,0,62
47,Matt Schaub,2004,2018,2,TOT,NFL,78,245,28.3,145,92,2093,3274,63.93,24867,133,90,89.1,7.6,171.5,47,45,0,14,2,0,79
48,Phil Simms,1983,1993,1,NYG,NFL,75,216,27,129,125,2077,3664,56.69,27367,160,115,81.9,7.47,212.1,81,44,0,11,2,0,100
49,Vinny Testaverde,1987,2007,1,TOT,NFL,77,235,27.9,233,214,3787,6701,56.51,46233,275,267,75,6.9,198.4,90,123,1,21,2,0,142
50,Vince Young,2006,2011,1,TOT,NFL,77,230,27.3,60,50,755,1304,57.9,8964,46,51,74.4,6.87,149.4,31,19,0,6,2,0,36
51,Derek Anderson,2006,2017,6,TOT,NFL,78,229,26.5,76,47,867,1604,54.05,10413,60,60,71.1,6.49,137,20,27,0,12,1,0,21
52,Steve Beuerlein,1988,2003,4,TOT,NFL,75,220,27.5,147,102,1894,3328,56.91,24046,147,112,80.3,7.23,163.6,47,55,0,14,1,0,85
53,Jeff Blake,1992,2005,6,TOT,NFL,73,223,29.4,119,100,1827,3241,56.37,21711,134,99,78,6.7,182.4,39,61,0,13,1,0,78
54,Steve Bono,1985,1999,6,TOT,NFL,76,215,26.2,88,42,934,1701,54.91,10439,62,42,75.3,6.14,118.6,28,14,0,14,1,0,36
55,Teddy Bridgewater,2014,2018,1,TOT,NFL,74,215,27.6,30,28,551,851,64.75,6150,28,22,86.3,7.23,205,17,11,0,4,1,0,22
56,Matt Cassel,2005,2018,7,TOT,NFL,76,225,27.4,106,81,1571,2666,58.93,17449,104,81,78.8,6.55,164.6,36,45,0,14,1,0,51
57,Kirk Cousins,2012,2018,4,TOT,NFL,75,202,25.2,62,57,1372,2096,65.46,16206,99,55,93.7,7.73,261.4,26,30,1,7,1,0,43
58,Jay Cutler,2006,2017,1,TOT,NFL,75,225,28.1,153,153,3048,4920,61.95,35133,227,160,85.3,7.14,229.6,74,79,0,12,1,0,109
59,Jake Delhomme,1999,2011,,TOT,NFL,74,215,27.6,103,96,1741,2932,59.38,20975,126,101,81.3,7.15,203.6,56,40,0,11,1,0,67
60,Trent Dilfer,1994,2007,1,TOT,NFL,76,225,27.4,130,113,1759,3172,55.45,20518,113,129,70.2,6.47,157.8,58,55,0,13,1,0,60
61,Jim Everett,1986,1997,1,TOT,NFL,77,212,25.1,158,153,2841,4923,57.71,34837,203,175,78.6,7.08,220.5,64,89,0,12,1,0,108
62,Doug Flutie,1986,2005,11,TOT,NFL,70,180,25.8,92,66,1177,2151,54.72,14715,86,68,76.3,6.84,159.9,38,28,0,12,1,0,58
63,Nick Foles,2012,2018,3,TOT,NFL,78,243,28.1,50,40,852,1420,60,9869,61,30,86.6,6.95,197.4,23,17,0,7,1,0,26
64,Gus Frerotte,1994,2008,7,TOT,NFL,75,237,29.6,147,93,1699,3106,54.7,21291,114,106,74.2,6.85,144.8,45,47,1,15,1,0,65
65,David Garrard,2002,2010,4,JAX,NFL,73,244,32.2,86,76,1406,2281,61.64,16003,89,54,85.8,7.02,186.1,39,37,0,9,1,0,69
66,Jared Goff,2016,2017,1,RAM,NFL,76,222,27,22,22,408,682,59.82,4893,33,14,89.4,7.17,222.4,11,11,0,2,1,0,13
67,Elvis Grbac,1994,2001,8,TOT,NFL,77,232,27.5,105,70,1446,2445,59.14,16774,99,81,79.6,6.86,159.8,40,30,0,8,1,0,51
68,Brian Griese,1998,2008,3,TOT,NFL,75,215,26.9,93,83,1752,2796,62.66,19440,119,99,82.7,6.95,209,45,38,0,11,1,0,61
69,Robert Griffin,2012,2018,1,TOT,NFL,74,213,27.3,42,40,766,1210,63.31,8983,42,26,88.4,7.42,213.9,15,25,0,5,1,0,36
70,Jim Harbaugh,1987,2000,1,TOT,NFL,75,215,26.9,177,140,2305,3918,58.83,26288,129,117,77.6,6.71,148.5,66,74,0,14,1,0,101
71,Bobby Hebert,1985,1996,,TOT,NFL,76,215,26.2,118,100,1839,3121,58.92,21683,135,124,78,6.95,183.8,56,44,0,11,1,0,79
72,Jeff Hostetler,1985,1997,3,TOT,NFL,75,215,26.9,152,83,1357,2338,58.04,16430,94,71,80.5,7.03,108.1,51,32,0,12,1,0,65
73,Bill Kenney,1983,1988,12,KAN,NFL,76,211,25.7,83,55,1051,1918,54.8,13560,84,62,78.3,7.07,163.4,21,34,0,6,1,0,42
74,Bernie Kosar,1985,1996,1,TOT,NFL,77,210,24.9,126,108,1994,3365,59.26,23301,124,87,81.8,6.92,184.9,53,54,1,12,1,0,80
75,Tommy Kramer,1983,1990,1,TOT,NFL,74,200,25.7,65,55,865,1589,54.44,11374,71,70,73.8,7.16,175,27,28,0,8,1,0,40
76,Don Majkowski,1987,1996,10,TOT,NFL,74,197,25.3,90,57,1056,1905,55.43,12700,66,67,72.9,6.67,141.1,26,30,1,10,1,0,43
77,Jim McMahon,1983,1996,1,TOT,NFL,73,195,25.7,111,90,1372,2363,58.06,16647,91,83,78,7.04,150,64,26,0,14,1,0,63
78,Chris Miller,1987,1999,1,TOT,NFL,74,212,27.2,98,92,1580,2892,54.63,19320,123,102,74.9,6.68,197.1,34,58,0,10,1,0,60
79,Neil O'Donnell,1991,2003,3,TOT,NFL,75,228,28.5,125,100,1865,3229,57.76,21690,120,68,81.8,6.72,173.5,55,45,0,13,1,0,72
80,Jake Plummer,1997,2006,2,TOT,NFL,74,212,27.2,143,136,2484,4350,57.1,29253,161,161,74.6,6.72,204.6,69,67,0,10,1,0,92
81,Dak Prescott,2016,2018,4,DAL,NFL,74,238,30.6,32,32,619,949,65.23,6991,45,17,95.5,7.37,218.5,22,10,0,3,1,0,30
82,Jay Schroeder,1985,1994,3,TOT,NFL,76,215,26.2,118,99,1426,2808,50.78,20063,114,108,71.7,7.14,170,61,38,0,10,1,0,73
83,Matthew Stafford,2009,2018,1,DET,NFL,75,220,27.5,125,125,3005,4850,61.96,34749,216,118,88.3,7.16,278,60,65,0,10,1,0,100
84,Kordell Stewart,1995,2005,2,TOT,NFL,73,218,28.8,125,87,1316,2358,55.81,14746,77,84,70.7,6.25,118,48,34,0,11,1,0,68
85,Tyrod Taylor,2011,2018,6,TOT,NFL,73,210,27.7,58,43,793,1271,62.39,9056,51,18,91.2,7.13,156.1,22,20,0,8,1,0,41
86,Joe Theismann,1983,1985,4,WAS,NFL,72,192,26,43,43,726,1237,58.69,8879,61,40,83.9,7.18,206.5,31,12,0,3,1,1,36
87,Tom Tupa,1988,2004,3,TOT,NFL,76,225,27.4,220,13,259,504,51.39,3430,12,25,60.5,6.81,15.6,4,9,0,16,1,1,39
88,Carson Wentz,2016,2018,1,PHI,NFL,77,237,28.1,29,29,644,1047,61.51,7078,49,21,88.8,6.76,244.1,18,11,0,3,1,0,24
89,Wade Wilson,1983,1998,8,TOT,NFL,75,210,26.2,122,69,1385,2415,57.35,17235,99,100,76,7.14,141.3,36,33,0,16,1,0,60
90,Jameis Winston,2015,2018,1,TAM,NFL,76,231,28.1,45,45,939,1544,60.82,11636,69,44,87.2,7.54,258.6,18,27,0,4,1,0,35
91,Tony Adams,1987,1987,14,MIN,NFL,72,198,26.9,3,3,49,89,55.06,607,3,5,64.2,6.82,202.3,0,3,0,1,0,0,2
92,Ken Anderson,1983,1986,3,CIN,NFL,74,212,27.2,35,24,400,627,63.8,4781,25,27,82.4,7.63,136.6,8,16,0,4,0,0,18
93,David Archer,1984,1989,,TOT,NFL,74,207,26.6,55,23,336,661,50.83,4337,18,30,61.9,6.56,78.9,9,13,1,6,0,0,14
94,Bob Avellini,1983,1984,6,CHI,NFL,74,208,26.7,6,1,30,53,56.6,288,0,3,48.3,5.43,48,0,1,0,2,0,0,1
95,Tony Banks,1996,2005,2,TOT,NFL,76,230,28,96,78,1278,2356,54.24,15315,77,73,72.4,6.5,159.5,35,43,0,9,0,0,48
96,Matt Barkley,2013,2018,4,TOT,NFL,74,234,30,11,6,159,266,59.77,1911,8,18,63.7,7.18,173.7,1,5,0,4,0,0,2
97,Dave Barr,1995,1995,4,RAM,NFL,75,210,26.2,2,0,5,9,55.56,42,0,0,67.8,4.67,21,0,0,0,1,0,0,0
98,Richard Bartel,2010,2011,,CRD,NFL,75,246,30.7,3,0,26,50,52,236,1,2,55.1,4.72,78.7,0,0,0,2,0,0,0
99,Steve Bartkowski,1983,1986,1,TOT,NFL,76,216,26.3,36,36,585,938,62.37,6717,40,19,89.7,7.16,186.6,13,23,0,4,0,0,23
100,Brett Basanez,2006,2006,,CAR,NFL,74,215,27.6,1,0,6,11,54.55,56,0,1,30.9,5.09,56,0,0,0,1,0,0,0
101,Charlie Batch,1998,2012,2,TOT,NFL,74,220,28.2,81,55,908,1604,56.61,11085,61,52,77.2,6.91,136.9,25,30,0,12,0,0,37
102,C.J. Beathard,2017,2018,3,SFO,NFL,74,215,27.6,7,5,123,224,54.91,1430,4,6,69.2,6.38,204.3,1,4,0,2,0,0,4
103,John Beck,2007,2011,2,TOT,NFL,74,215,27.6,9,7,140,239,58.58,1417,3,7,67.6,5.93,157.4,0,7,0,2,0,0,4
104,Kerwin Bell,1996,1996,7,CLT,NFL,75,207,25.9,1,0,5,5,100,75,1,0,158.3,15,75,0,0,0,1,0,0,0
105,Guy Benjamin,1983,1983,2,SFO,NFL,76,210,25.6,4,0,7,12,58.33,111,1,0,117,9.25,27.8,0,0,0,1,0,0,0
106,Ben Bennett,1987,1987,6,CIN,NFL,73,200,26.4,1,0,2,6,33.33,25,0,1,7.6,4.17,25,0,0,0,1,0,0,0
107,Brock Berlin,2007,2008,,RAM,NFL,73,215,28.4,2,1,18,31,58.06,159,0,1,58.4,5.13,79.5,0,1,0,2,0,0,0
108,Michael Bishop,2000,2000,7,NWE,NFL,74,215,27.6,8,0,3,9,33.33,80,1,1,64.4,8.89,10,0,0,0,1,0,0,0
109,Todd Blackledge,1983,1989,1,TOT,NFL,75,225,28.1,46,29,424,881,48.13,5286,29,38,60.2,6,114.9,15,14,0,7,0,0,13
110,Bob Bleier,1987,1987,,NWE,NFL,75,210,26.2,3,2,14,39,35.9,181,1,1,49.2,4.64,60.3,1,1,0,1,0,0,1
111,Matt Blundin,1993,1997,2,TOT,NFL,78,233,26.9,3,0,2,9,22.22,15,0,2,0,1.67,5,0,0,0,3,0,0,0
112,Kyle Boller,2003,2011,1,TOT,NFL,75,220,27.5,67,47,861,1519,56.68,8931,48,54,69.5,5.88,133.3,20,27,0,8,0,0,18
113,Brooks Bollinger,2004,2008,6,TOT,NFL,73,205,27,21,10,211,360,58.61,2226,9,9,74.6,6.18,106,2,8,0,5,0,0,6
114,Blake Bortles,2014,2018,1,JAX,NFL,77,236,28,62,61,1318,2229,59.13,14928,90,64,80.8,6.7,240.8,21,40,0,5,0,0,42
115,Todd Bouman,2001,2010,,TOT,NFL,74,229,29.4,44,7,147,264,55.68,1905,13,13,74.4,7.22,43.3,1,6,0,7,0,0,6
116,Trevone Boykin,2016,2016,,SEA,NFL,72,213,28.9,5,0,13,18,72.22,145,1,1,91.2,8.06,29,,,,1,0,0,0
117,Sam Bradford,2010,2018,1,TOT,NFL,76,224,27.3,80,80,1805,2887,62.52,19049,101,57,85.1,6.6,238.1,34,45,1,9,0,0,48
118,Steve Bradley,1987,1987,12,CHI,NFL,74,216,27.7,1,1,6,18,33.33,77,2,3,45.1,4.28,77,0,1,0,1,0,0,0
119,Terry Bradshaw*,1983,1983,,PIT,NFL,75,215,26.9,1,1,5,8,62.5,77,2,0,133.9,9.63,77,1,0,0,1,0,0,0
120,Tom Brandstater,2011,2011,6,RAM,NFL,77,215,25.5,1,0,0,2,0,0,0,0,39.6,0,0,,,,1,0,0,0
121,Tyler Bray,2014,2018,,TOT,NFL,78,225,26,1,0,0,1,0,0,0,0,39.6,0,0,,,,3,0,0,0
122,Adrian Breen,1987,1987,,CIN,NFL,76,183,22.3,2,1,3,8,37.5,9,1,0,85.4,1.13,4.5,0,1,0,1,0,0,0
123,Walter Briggs,1987,1987,,NYJ,NFL,73,205,27,1,0,0,2,0,0,0,1,0,0,0,0,0,0,1,0,0,0
124,Jacoby Brissett,2016,2018,3,TOT,NFL,76,235,28.6,19,17,310,524,59.16,3498,13,7,81.9,6.68,184.1,5,12,0,3,0,0,13
125,Bubby Brister,1986,2000,3,TOT,NFL,75,205,25.6,99,75,1207,2212,54.57,14445,81,78,72.3,6.53,145.9,37,38,0,14,0,0,44
126,Dieter Brock,1985,1985,,RAM,NFL,72,195,26.4,15,15,218,365,59.73,2658,16,13,82,7.28,177.2,11,4,0,1,0,0,9
127,Brian Brohm,2009,2010,2,BUF,NFL,75,227,28.4,3,2,27,52,51.92,252,0,5,26,4.85,84,0,2,0,2,0,0,0
128,Jeff Brohm,1996,1997,,SFO,NFL,73,205,27,8,0,37,58,63.79,353,1,1,79.2,6.09,44.1,0,0,0,2,0,0,2
129,Aaron Brooks,2000,2006,4,TOT,NFL,76,220,26.8,93,90,1673,2963,56.46,20261,123,92,78.5,6.84,217.9,38,52,0,7,0,0,72
130,Dave Brown,1992,2001,1,TOT,NFL,77,230,27.3,73,60,892,1634,54.59,10248,44,58,67.9,6.27,140.4,26,34,0,10,0,0,29
131,Levi Brown,2010,2010,7,BUF,NFL,75,229,28.6,1,0,2,3,66.67,24,0,1,51.4,8,24,0,0,0,1,0,0,0
132,Travis Brown,2000,2003,,TOT,NFL,75,215,26.9,4,0,29,52,55.77,361,1,3,59.9,6.94,90.3,0,0,0,3,0,0,1
133,Scott Brunner,1983,1985,6,TOT,NFL,77,206,24.4,32,12,220,446,49.33,2852,10,28,51.1,6.39,89.1,3,9,0,2,0,0,5
134,Mike Buck,1991,1995,6,TOT,NFL,75,227,28.4,12,1,55,92,59.78,790,5,4,87.7,8.59,65.8,0,1,0,4,0,0,2
135,Henry Burris,2002,2002,,CHI,NFL,72,195,26.4,6,1,18,51,35.29,207,3,5,28.4,4.06,34.5,0,1,0,1,0,0,1
136,Mike Busch,1987,1987,,NYG,NFL,76,214,26,2,1,17,47,36.17,278,3,2,60.4,5.91,139,0,1,0,1,0,0,1
137,Joe Callahan,2017,2018,,TOT,NFL,73,216,28.5,1,0,5,7,71.43,11,0,0,74.1,1.57,11,,,,2,0,0,0
138,Jason Campbell,2006,2014,1,TOT,NFL,77,223,26.4,90,79,1519,2518,60.33,16771,87,60,81.7,6.66,186.3,32,47,0,9,0,0,53
139,Rich Campbell,1983,1984,1,GNB,NFL,76,224,27.3,4,0,16,38,42.11,218,3,5,47.8,5.74,54.5,0,0,0,2,0,0,1
140,Scott Campbell,1984,1990,7,TOT,NFL,72,196,26.6,45,13,224,454,49.34,2983,19,25,61.6,6.57,66.3,2,11,0,6,0,0,8
141,Cody Carlson,1988,1994,3,OTI,NFL,75,202,25.2,45,19,370,659,56.15,4469,21,28,70,6.78,99.3,11,8,0,7,0,0,16
142,Jeff Carlson,1990,1992,4,TOT,NFL,75,215,26.9,7,3,49,114,42.98,636,2,9,34.1,5.58,90.9,0,3,0,3,0,0,2
143,David Carr,2002,2012,1,TOT,NFL,75,215,26.9,94,79,1353,2267,59.68,14452,65,71,74.9,6.37,153.7,23,56,0,10,0,0,48
144,Quincy Carter,2001,2004,2,TOT,NFL,74,213,27.3,38,34,542,960,56.46,6337,32,37,71.7,6.6,166.8,18,16,0,4,0,0,18
145,Stoney Case,1995,2000,3,TOT,NFL,75,204,25.5,20,6,163,318,51.26,1826,4,15,53.3,5.74,91.3,3,3,0,4,0,0,4
146,Matt Cavanaugh,1983,1991,2,TOT,NFL,74,212,27.2,60,4,99,194,51.03,1314,9,7,73.3,6.77,21.9,3,1,0,9,0,0,4
147,Mike Cherry,1997,1998,6,NYG,NFL,75,226,28.2,2,0,0,1,0,0,0,0,39.6,0,0,0,0,0,2,0,0,0
148,Jeff Christensen,1983,1987,5,TOT,NFL,75,202,25.2,4,2,24,58,41.38,297,1,3,42.1,5.12,74.3,1,1,0,2,0,0,2
149,Jimmy Clausen,2010,2015,2,TOT,NFL,75,217,27.1,22,14,255,472,54.03,2520,7,14,61.9,5.34,114.5,1,13,0,4,0,0,3
150,Kellen Clemens,2006,2017,2,TOT,NFL,74,224,28.8,64,21,350,638,54.86,4053,16,21,68.9,6.35,63.3,8,13,0,12,0,0,10
151,Reggie Collier,1986,1987,6,TOT,NFL,75,207,25.9,6,1,12,22,54.55,206,3,3,86.6,9.36,34.3,0,1,0,2,0,0,1
152,Todd Collins,1995,2010,2,TOT,NFL,76,225,27.4,50,21,391,701,55.78,4547,22,24,71.8,6.49,90.9,11,10,0,12,0,0,11
153,Cary Conklin,1992,1995,4,TOT,NFL,76,220,26.8,7,2,52,101,51.49,560,5,3,72.2,5.54,80,0,2,0,3,0,0,1
154,Connor Cook,2016,2018,4,RAI,NFL,76,217,26.4,1,0,14,21,66.67,150,1,1,83.4,7.14,150,,,,2,0,0,0
155,Tim Couch,1999,2003,1,CLE,NFL,76,220,26.8,62,59,1025,1714,59.8,11131,64,67,75.1,6.49,179.5,22,37,0,5,0,0,32
156,Scott Covington,1999,2002,7,TOT,NFL,74,217,27.9,4,1,6,10,60,30,0,0,64.6,3,7.5,1,0,0,2,0,0,0
157,Dameyune Craig,2000,2001,,CAR,NFL,73,200,26.4,6,0,4,8,50,34,0,0,61.5,4.25,5.7,0,0,0,2,0,0,0
158,Jim Crocicchia,1987,1987,,NYG,NFL,74,209,26.8,1,1,6,15,40,89,1,0,82.4,5.93,89,0,1,0,1,0,0,0
159,Brodie Croyle,2006,2010,3,KAN,NFL,74,205,26.3,18,10,181,319,56.74,1669,8,9,67.8,5.23,92.7,0,10,0,5,0,0,2
160,Chase Daniel,2010,2018,,TOT,NFL,72,225,30.5,57,2,51,78,65.38,480,1,1,81.1,6.15,8.4,1,1,0,9,0,0,2
161,B.J. Daniels,2014,2015,7,TOT,NFL,71,217,30.3,8,0,1,2,50,7,0,0,58.3,3.5,0.9,,,,2,0,0,0
162,Gary Danielson,1983,1988,,TOT,NFL,74,195,25,41,22,464,771,60.18,5675,36,26,84.4,7.36,138.4,8,13,1,5,0,0,20
163,Rohan Davey,2002,2004,4,NWE,NFL,74,245,31.5,7,0,8,19,42.11,88,0,0,56.5,4.63,12.6,0,0,0,3,0,0,0
164,Austin Davis,2012,2018,,TOT,NFL,74,221,28.4,16,10,236,378,62.43,2548,13,12,80.4,6.74,159.3,3,7,0,5,0,0,6
165,Dominique Davis,2012,2014,,TOT,NFL,75,210,26.2,2,0,5,7,71.43,34,0,0,81.8,4.86,17,0,0,,3,0,0,0
166,Steve DeBerg,1983,1998,10,TOT,NFL,75,210,26.2,144,99,2009,3492,57.53,24819,146,127,78.4,7.11,172.4,45,53,1,12,0,0,82
167,Koy Detmer,1998,2006,7,PHI,NFL,73,195,25.7,104,8,184,354,51.98,1944,10,14,61.2,5.49,18.7,3,5,0,9,0,0,4
168,Ty Detmer,1993,2003,9,TOT,NFL,72,189,25.6,54,25,546,946,57.72,6351,34,35,74.7,6.71,117.6,11,14,0,8,0,0,15
169,Lynn Dickey,1983,1985,3,GNB,NFL,75,214,26.7,43,41,698,1199,58.22,9859,72,65,82.3,8.22,229.3,20,21,0,3,0,0,31
170,Steve Dils,1983,1988,4,TOT,NFL,73,190,25.1,78,24,407,793,51.32,4789,23,30,63.9,6.04,61.4,9,15,0,6,0,0,13
171,Anthony Dilweg,1989,1990,3,GNB,NFL,75,215,26.9,10,7,102,193,52.85,1274,8,7,72.3,6.6,127.4,2,5,0,2,0,0,4
172,Dennis Dixon,2008,2014,5,TOT,NFL,75,195,24.4,4,3,35,59,59.32,402,1,2,71.4,6.81,100.5,2,1,0,5,0,0,2
173,Ken Dorsey,2004,2008,7,TOT,NFL,76,218,26.5,17,13,214,408,52.45,2082,8,18,55.2,5.1,122.5,2,11,0,5,0,0,1
174,Jim Druckenmiller,1997,1998,1,SFO,NFL,76,241,29.3,6,1,21,52,40.38,239,1,4,29.2,4.6,39.8,1,0,0,2,0,0,1
175,Joe Dufek,1983,1984,,BUF,NFL,76,215,26.2,10,5,74,150,49.33,829,4,8,52.9,5.53,82.9,1,4,0,2,0,0,-1
176,Tony Eason,1983,1990,1,TOT,NFL,76,212,25.8,90,51,911,1564,58.25,11142,61,51,79.7,7.12,123.8,28,23,0,8,0,0,39
177,Trent Edwards,2007,2012,3,TOT,NFL,76,231,28.1,38,33,563,929,60.6,6033,26,30,75.5,6.49,158.8,14,19,0,5,0,0,18
178,Mike Elkins,1989,1989,2,KAN,NFL,75,221,27.6,1,0,1,2,50,5,0,1,16.7,2.5,5,0,0,0,1,0,0,0
179,Craig Erickson,1992,1997,5,TOT,NFL,74,209,26.8,52,36,591,1092,54.12,7625,41,38,74.3,6.98,146.6,14,21,0,6,0,0,22
180,Alex Espinoza,1987,1987,,KAN,NFL,73,193,25.5,1,0,9,14,64.29,69,0,2,36.6,4.93,69,0,0,0,1,0,0,0
181,Vince Evans,1983,1995,6,TOT,NFL,74,215,27.6,53,10,316,582,54.3,4421,26,28,73.8,7.6,83.4,3,7,0,9,0,0,17
182,David Fales,2014,2018,6,TOT,NFL,74,213,27.3,3,0,31,48,64.58,287,1,1,79.1,5.98,95.7,,,,4,0,0,1
183,Randy Fasani,2002,2002,5,CAR,NFL,75,234,29.2,4,1,15,44,34.09,171,0,4,8.8,3.89,42.8,0,1,0,1,0,0,1
184,A.J. Feeley,2001,2011,5,TOT,NFL,75,225,28.1,28,18,425,762,55.77,4618,28,31,69.1,6.06,164.9,8,10,0,6,0,0,8
185,Joe Ferguson,1983,1990,5,TOT,NFL,73,195,25.7,50,35,653,1205,54.19,7213,53,61,65.8,5.99,144.3,11,24,0,7,0,0,16
186,Vince Ferragamo,1983,1986,4,TOT,NFL,75,212,26.5,32,28,475,857,55.43,5553,30,51,62.1,6.48,173.5,11,17,0,4,0,0,12
187,Jay Fiedler,1995,2005,,TOT,NFL,74,225,28.9,76,60,1008,1717,58.71,11844,69,66,77.1,6.9,155.8,37,23,0,9,0,0,42
188,Ryan Fitzpatrick,2005,2018,7,TOT,NFL,74,223,28.6,133,119,2411,4039,59.69,26991,173,136,79.9,6.68,202.9,48,70,1,14,0,0,79
189,Joe Flacco,2008,2018,1,RAV,NFL,78,245,28.3,154,154,3267,5291,61.75,35780,200,130,84.1,6.76,232.3,92,62,0,11,0,0,106
190,Tom Flick,1984,1986,4,TOT,NFL,74,190,24.4,12,3,34,74,45.95,363,2,8,30.2,4.91,30.3,1,2,0,2,0,0,1
191,Matt Flynn,2008,2014,7,TOT,NFL,74,228,29.3,53,7,219,357,61.34,2541,17,11,85.9,7.12,47.9,3,4,0,7,0,0,8
192,Glenn Foley,1994,1999,7,TOT,NFL,74,210,27,21,9,207,382,54.19,2469,12,16,67.2,6.46,117.6,2,7,0,6,0,0,8
193,John Fourcade,1987,1990,,NOR,NFL,73,208,27.4,24,11,159,313,50.8,2312,14,15,70.1,7.39,96.3,7,4,0,4,0,0,11
194,Jeff Francis,1990,1990,6,CLE,NFL,76,225,27.4,1,0,2,2,100,26,0,0,118.7,13,26,0,0,0,1,0,0,0
195,Josh Freeman,2009,2015,1,TOT,NFL,78,240,27.7,62,61,1179,2048,57.57,13873,81,68,77.6,6.77,223.8,25,36,0,6,0,0,41
196,John Friesz,1990,2000,6,TOT,NFL,76,214,26,69,38,745,1364,54.62,8699,45,42,72.3,6.38,126.1,13,25,0,10,0,0,28
197,Charlie Frye,2005,2009,3,TOT,NFL,76,217,26.4,26,23,419,677,61.89,4154,17,29,69.7,6.14,159.8,7,16,0,5,0,0,8
198,Steve Fuller,1984,1986,1,CHI,NFL,76,198,24.1,38,11,140,249,56.22,1823,6,9,72.4,7.32,48,6,5,0,3,0,0,9
199,Will Furrer,1992,1995,4,TOT,NFL,75,210,26.2,9,2,57,124,45.97,572,2,10,31.4,4.61,63.6,0,2,0,2,0,0,1
200,Chuck Fusina,1986,1986,5,GNB,NFL,73,197,26,7,0,19,32,59.38,178,0,1,61.7,5.56,25.4,0,0,0,1,0,0,0
201,Blaine Gabbert,2011,2018,1,TOT,NFL,76,235,28.6,48,45,781,1397,55.91,8437,44,43,71.5,6.04,175.8,11,34,0,8,0,0,15
202,Bob Gagliano,1983,1992,12,TOT,NFL,75,200,25,31,13,248,485,51.13,3424,17,27,62.6,7.06,110.5,7,6,0,6,0,0,14
203,Jimmy Garoppolo,2014,2018,2,TOT,NFL,74,225,28.9,23,7,183,272,67.28,2250,12,5,99.7,8.27,97.8,7,0,0,5,0,0,8
204,Jason Garrett,1993,2000,,TOT,NFL,74,200,25.7,25,9,165,294,56.12,2042,11,5,83.2,6.95,81.7,6,3,0,8,0,0,7
205,Sammy Garza,1987,1987,8,CRD,NFL,73,184,24.3,2,1,11,20,55,183,1,2,63.1,9.15,91.5,0,1,0,1,0,0,1
206,Doug Gaynor,1986,1986,4,CIN,NFL,74,205,26.3,1,0,3,3,100,30,0,0,108.3,10,30,0,0,0,1,0,0,0
207,Stan Gelbaugh,1989,1996,6,TOT,NFL,75,207,25.9,20,12,192,391,49.1,2100,10,22,50.5,5.37,105,1,11,0,6,0,0,2
208,Jeff George,1990,2001,1,TOT,NFL,76,218,26.5,131,124,2298,3967,57.93,27602,154,113,80.4,6.96,210.7,46,78,0,12,0,0,78
209,Joe Germaine,1999,1999,4,RAM,NFL,72,202,27.4,3,0,9,16,56.25,136,1,2,65.6,8.5,45.3,0,0,0,1,0,0,1
210,Gale Gilbert,1985,1995,,TOT,NFL,75,209,26.1,58,4,146,259,56.37,1544,9,12,66.2,5.96,26.6,0,4,0,6,0,0,5
211,Willie Gillus,1987,1987,,GNB,NFL,76,215,26.2,1,0,2,5,40,28,0,0,58.7,5.6,28,0,0,0,1,0,0,0
212,Mike Glennon,2013,2018,3,TOT,NFL,78,229,26.5,25,22,467,770,60.65,4933,34,20,83.2,6.41,197.3,6,16,0,5,0,0,13
213,Brad Goebel,1991,1994,,TOT,NFL,75,202,25.2,7,2,32,59,54.24,299,0,6,28.8,5.07,42.7,0,2,0,3,0,0,1
214,Jerry Golsteyn,1983,1983,12,TAM,NFL,76,207,25.2,5,3,47,97,48.45,535,0,2,56.9,5.52,107,0,3,0,1,0,0,1
215,Pete Gonzalez,1999,1999,,PIT,NFL,73,216,28.5,1,0,1,1,100,8,0,0,100,8,8,0,0,0,1,0,0,0
216,Bruce Gradkowski,2006,2014,6,TOT,NFL,73,220,29,37,20,375,709,52.89,4057,21,24,65.8,5.72,109.6,6,14,0,8,0,0,8
217,Kent Graham,1992,2001,8,TOT,NFL,77,231,27.4,81,38,694,1339,51.83,7801,39,33,69,5.83,96.3,17,21,0,9,0,0,23
218,Quinn Gray,2005,2008,,TOT,NFL,75,246,30.7,12,4,108,188,57.45,1328,13,5,91.4,7.06,110.7,2,2,0,4,0,0,6
219,Tony Graziani,1997,1999,7,ATL,NFL,74,210,27,18,5,85,174,48.85,999,2,8,51.4,5.74,55.5,2,3,0,3,0,0,3
220,Chris Greisen,1999,2000,7,CRD,NFL,75,227,28.4,5,0,7,16,43.75,69,1,0,77.3,4.31,13.8,0,0,0,2,0,0,0
221,Steve Grogan,1983,1990,5,NWE,NFL,76,210,25.6,50,43,690,1283,53.78,9471,61,64,72.7,7.38,189.4,22,21,0,8,0,0,28
222,Rex Grossman,2003,2012,1,TOT,NFL,73,222,29.3,54,47,863,1562,55.25,10232,56,60,71.4,6.55,189.5,25,22,0,10,0,0,25
223,Matt Gutierrez,2007,2009,,TOT,NFL,76,235,28.6,6,0,2,2,100,18,0,0,104.2,9,3,0,0,0,2,0,0,0
224,Marques Hagans,2007,2008,5,TOT,NFL,70,202,29,10,1,1,1,100,5,0,0,87.5,5,0.5,0,0,0,2,0,0,1
225,Max Hall,2010,2010,,CRD,NFL,73,201,26.5,6,3,39,78,50,370,1,6,35.7,4.74,61.7,1,2,0,1,0,0,1
226,Shawn Halloran,1987,1987,,CRD,NFL,76,217,26.4,3,2,18,42,42.86,263,0,1,54,6.26,87.7,1,1,0,1,0,0,1
227,Gibran Hamdan,2003,2003,7,WAS,NFL,78,240,27.7,1,0,1,2,50,7,0,0,58.3,3.5,7,0,0,0,1,0,0,0
228,Caleb Hanie,2009,2012,,TOT,NFL,74,236,30.3,10,4,59,116,50.86,679,3,10,41.6,5.85,67.9,0,4,0,4,0,0,2
229,Graham Harrell,2012,2012,,GNB,NFL,74,217,27.9,4,0,2,4,50,20,0,0,64.6,5,5,0,0,,1,0,0,0
230,Joey Harrington,2002,2007,1,TOT,NFL,76,220,26.8,81,76,1424,2538,56.11,14693,79,85,69.4,5.79,181.4,26,50,0,6,0,0,33
231,Jim Hart,1983,1984,,TOT,NFL,73,215,28.4,7,3,53,98,54.08,618,4,8,53,6.31,88.3,1,2,0,2,0,0,2
232,Mark Hartsell,2000,2000,,CHI,NFL,76,225,27.4,1,0,0,1,0,0,0,0,39.6,0,0,0,0,0,1,0,0,0
233,Tim Hasselbeck,2002,2007,,TOT,NFL,73,211,27.8,12,5,95,177,53.67,1012,5,7,63.6,5.72,84.3,1,4,0,4,0,0,1
234,Taylor Heinicke,2017,2018,,TOT,NFL,73,210,27.7,1,0,1,1,100,10,0,0,108.3,10,10,,,,2,0,0,0
235,Chad Henne,2008,2018,2,TOT,NFL,75,222,27.7,67,53,1159,1956,59.25,12931,58,63,75.5,6.61,193,18,35,0,10,0,0,29
236,Drew Henson,2004,2008,6,TOT,NFL,76,233,28.4,9,1,11,20,55,98,1,1,64.2,4.9,10.9,1,0,0,2,0,0,0
237,Mark Herrmann,1983,1992,4,TOT,NFL,76,200,24.3,38,11,302,501,60.28,3594,15,32,65.6,7.17,94.6,3,8,0,10,0,0,10
238,Rusty Hilger,1985,1991,6,TOT,NFL,76,205,25,23,14,204,464,43.97,2584,11,19,52.8,5.57,112.3,5,9,0,5,0,0,5
239,Shaun Hill,2005,2016,,TOT,NFL,77,210,24.9,49,35,757,1225,61.8,8295,49,30,84.9,6.77,169.3,17,18,0,11,0,0,24
240,Eric Hipple,1983,1989,4,DET,NFL,74,196,25.2,62,43,654,1181,55.38,7942,39,51,69.3,6.72,128.1,20,23,0,6,0,0,28
241,Billy Joe Hobert,1995,1999,3,TOT,NFL,75,230,28.7,29,17,275,527,52.18,3371,23,25,67,6.4,116.2,4,13,0,5,0,0,7
242,Tom Hodson,1990,1995,3,TOT,NFL,75,195,24.4,36,12,174,320,54.38,1823,7,11,64.1,5.7,50.6,1,11,0,4,0,0,4
243,Kevin Hogan,2016,2018,5,TOT,NFL,75,218,27.2,8,1,60,101,59.41,621,4,7,61.5,6.15,77.6,0,1,0,3,0,0,2
244,Gary Hogeboom,1983,1989,5,TOT,NFL,76,205,25,72,37,740,1317,56.19,9391,49,59,72.4,7.13,130.4,18,19,0,7,0,0,25
245,Mike Hohensee,1987,1987,,CHI,NFL,72,205,27.8,2,2,28,52,53.85,343,4,1,92.1,6.6,171.5,2,0,0,1,0,0,1
246,Kelly Holcomb,1997,2007,,TOT,NFL,74,212,27.2,37,24,565,893,63.27,5916,39,38,79.2,6.62,159.9,8,16,0,7,0,0,16
247,Mike Hold,1987,1987,,TAM,NFL,72,190,25.8,2,0,8,24,33.33,123,2,1,61.6,5.13,61.5,0,0,0,1,0,0,1
248,Donald Hollas,1991,1998,4,TOT,NFL,75,215,26.9,32,8,202,375,53.87,2399,13,21,61.8,6.4,75,4,4,0,4,0,0,5
249,Bob Holly,1983,1985,11,TOT,NFL,74,197,25.3,10,0,25,40,62.5,300,1,2,72.9,7.5,30,0,0,0,2,0,0,1
250,Todd Hons,1987,1987,,DET,NFL,73,195,25.7,3,3,43,92,46.74,552,5,5,61.5,6,184,1,2,0,1,0,0,2
251,Marty Horn,1987,1987,,PHI,NFL,74,205,26.3,1,0,5,11,45.45,68,0,0,65.7,6.18,68,0,0,0,1,0,0,0
252,Brian Hoyer,2009,2018,,TOT,NFL,74,216,27.7,60,37,837,1410,59.36,9895,48,30,83.3,7.02,164.9,16,21,0,10,0,0,24
253,Bobby Hoying,1996,2000,3,TOT,NFL,75,221,27.6,22,13,244,456,53.51,2544,11,15,64.3,5.58,115.6,3,9,1,5,0,0,2
254,Brock Huard,2000,2003,3,TOT,NFL,76,232,28.2,8,4,60,107,56.07,689,4,2,80.3,6.44,86.1,0,4,0,3,0,0,2
255,Damon Huard,1998,2008,,TOT,NFL,75,215,26.9,64,27,574,946,60.68,6303,33,26,80.6,6.66,98.5,15,12,0,8,0,0,20
256,Doug Hudson,1987,1987,7,KAN,NFL,74,201,25.8,1,1,0,1,0,0,0,0,39.6,0,0,0,1,0,1,0,0,0
257,David Humm,1983,1984,5,RAI,NFL,74,188,24.1,9,0,4,7,57.14,56,0,1,43.5,8,6.2,0,0,0,2,0,0,0
258,Stan Humphries,1989,1997,6,TOT,NFL,74,223,28.6,88,81,1431,2516,56.88,17191,89,84,75.8,6.83,195.4,50,31,0,8,0,0,55
259,Brett Hundley,2016,2018,5,GNB,NFL,75,226,28.2,15,9,194,326,59.51,1853,9,13,67.9,5.68,123.5,3,6,0,3,0,0,5
260,Todd Husak,2000,2000,6,WAS,NFL,75,216,27,1,0,2,2,100,-2,0,0,79.2,-1,-2,0,0,0,1,0,0,0
261,Chad Hutchinson,2002,2004,,TOT,NFL,77,237,28.1,15,14,220,413,53.27,2466,11,11,69.1,5.97,164.4,3,11,0,3,0,0,4
262,Kevin Ingram,1987,1987,,NOR,NFL,72,178,24.1,2,0,1,2,50,5,1,0,95.8,2.5,2.5,0,0,0,1,0,0,0
263,Jarious Jackson,2000,2003,7,DEN,NFL,72,228,30.9,5,1,11,22,50,114,0,1,46.4,5.18,22.8,0,1,0,4,0,0,0
264,Tarvaris Jackson,2006,2015,2,TOT,NFL,74,226,29,59,34,640,1073,59.65,7263,39,35,78.5,6.77,123.1,17,17,0,9,0,0,23
265,Ron Jaworski,1983,1989,2,TOT,NFL,74,196,25.2,77,53,897,1677,53.49,11432,64,63,72.1,6.82,148.5,20,32,1,6,0,0,31
266,Doug Johnson,2000,2004,,TOT,NFL,74,225,28.9,25,11,218,384,56.77,2600,13,18,69.4,6.77,104,2,9,0,5,0,0,8
267,Josh Johnson,2009,2014,5,TOT,NFL,75,219,27.4,29,5,96,177,54.24,1042,5,10,57.7,5.89,35.9,0,5,0,6,0,0,4
268,Rob Johnson,1995,2003,4,TOT,NFL,76,204,24.8,48,29,494,806,61.29,5795,30,23,83.6,7.19,120.7,12,17,0,9,0,0,21
269,Cardale Jones,2016,2018,4,TOT,NFL,77,250,29.6,1,0,6,11,54.55,96,0,1,46,8.73,96,,,,2,0,0,0
270,Landry Jones,2013,2018,4,PIT,NFL,76,225,27.4,19,5,108,169,63.91,1310,8,7,86.2,7.75,68.9,3,2,0,6,0,0,4
271,Paul Justin,1995,1999,7,TOT,NFL,76,211,25.7,34,10,220,380,57.89,2614,8,10,75,6.88,76.9,3,7,0,5,0,0,8
272,Colin Kaepernick,2011,2016,2,SFO,NFL,76,225,27.4,69,58,1011,1692,59.75,12271,72,30,88.9,7.25,177.8,28,30,0,6,0,0,49
273,Mike Kafka,2011,2014,4,TOT,NFL,75,216,27,4,0,11,16,68.75,107,0,2,47.7,6.69,26.8,,,,2,0,0,0
274,Danny Kanell,1996,2003,4,TOT,NFL,75,218,27.2,43,24,491,956,51.36,5129,31,34,63.2,5.37,119.3,10,13,1,6,0,0,14
275,Ken Karcher,1987,1988,,DEN,NFL,75,205,25.6,4,3,62,114,54.39,756,6,4,78,6.63,189,2,1,0,2,0,0,2
276,Case Keenum,2012,2018,,TOT,NFL,73,215,28.4,41,38,779,1258,61.92,8771,46,27,86,6.97,213.9,20,18,0,7,0,0,24
277,Mike Kelley,1987,1987,6,SDG,NFL,75,195,24.4,3,1,17,29,58.62,305,1,0,106.2,10.52,101.7,1,0,0,1,0,0,1
278,Jeff Kemp,1983,1991,,TOT,NFL,72,201,27.3,95,29,477,910,52.42,6205,39,39,70.6,6.82,65.3,16,12,1,9,0,0,22
279,Mike Kerrigan,1983,1984,,NWE,NFL,75,205,25.6,2,0,7,15,46.67,85,0,1,36.8,5.67,42.5,0,0,0,2,0,0,0
280,Cody Kessler,2016,2018,3,TOT,NFL,73,215,28.4,12,8,139,218,63.76,1506,6,3,87.4,6.91,125.5,0,8,0,3,0,0,3
281,Blair Kiel,1984,1991,1,TOT,NFL,72,209,28.3,25,3,108,193,55.96,1296,8,7,75.4,6.72,51.8,0,3,0,6,0,0,4
282,Shaun King,1999,2004,2,TOT,NFL,73,215,28.4,34,24,415,738,56.23,4566,27,24,73.4,6.19,134.3,14,10,0,6,0,0,18
283,Kliff Kingsbury,2005,2005,6,NYJ,NFL,76,231,28.1,1,0,1,2,50,17,0,0,79.2,8.5,17,0,0,0,1,0,0,0
284,Jon Kitna,1997,2011,,TOT,NFL,74,220,28.2,141,124,2677,4442,60.27,29745,169,165,77.4,6.7,211,50,74,0,14,0,0,89
285,Kurt Kittner,2003,2003,5,ATL,NFL,74,221,28.4,7,4,44,114,38.6,391,2,6,32.5,3.43,55.9,1,3,0,1,0,0,1
286,DeShone Kizer,2017,2018,2,TOT,NFL,76,235,28.6,15,15,255,476,53.57,2894,11,22,60.5,6.08,192.9,0,15,0,2,0,0,5
287,Perry Klein,1994,1994,4,ATL,NFL,74,218,28,2,0,0,1,0,0,0,0,39.6,0,0,0,0,0,1,0,0,0
288,David Klingler,1992,1997,1,TOT,NFL,75,210,26.2,33,24,389,718,54.18,3994,16,22,65.1,5.56,121,4,20,0,6,0,0,11
289,Matt Kofler,1983,1985,2,TOT,NFL,75,192,24,37,1,91,202,45.05,1156,7,11,52.3,5.72,31.2,0,1,0,3,0,0,3
290,Kevin Kolb,2007,2012,2,TOT,NFL,75,218,27.2,34,21,449,755,59.47,5206,28,25,78.9,6.9,153.1,9,12,0,6,0,0,13
291,Jeff Komlo,1983,1983,9,TAM,NFL,74,200,25.7,2,0,4,8,50,49,0,1,29.7,6.13,24.5,0,0,0,1,0,0,0
292,Erik Kramer,1987,1999,,TOT,NFL,73,200,26.4,83,67,1317,2299,57.29,15337,92,79,76.6,6.67,184.8,31,36,0,10,0,0,46
293,Craig Krenzel,2004,2004,5,CHI,NFL,76,225,27.4,6,5,59,127,46.46,718,3,6,52.5,5.65,119.7,3,2,0,1,0,0,1
294,Eric Kresser,1998,1998,,CIN,NFL,74,209,26.8,2,0,10,21,47.62,164,1,2,50.6,7.81,82,0,0,0,1,0,0,0
295,Gary Kubiak,1983,1991,8,DEN,NFL,72,192,26,119,5,173,298,58.05,1920,14,16,70.6,6.44,16.1,3,2,0,9,0,0,8
296,Craig Kupp,1991,1991,5,CRD,NFL,76,215,26.2,1,0,3,7,42.86,23,0,0,51.5,3.29,23,0,0,0,1,0,0,0
297,Greg Landry,1984,1984,1,CHI,NFL,76,210,25.6,1,1,11,20,55,199,1,3,66.5,9.95,199,1,0,0,1,0,0,1
298,Babe Laufenberg,1986,1990,6,TOT,NFL,74,198,25.4,16,7,93,211,44.08,1057,5,11,45.9,5.01,66.1,2,5,0,4,0,0,4
299,Ryan Leaf,1998,2001,1,TOT,NFL,77,245,29,25,21,317,655,48.4,3666,14,36,50,5.6,146.6,4,17,0,3,0,0,1
300,Byron Leftwich,2003,2012,1,TOT,NFL,77,245,29,60,50,930,1605,57.94,10532,58,42,78.9,6.56,175.5,24,26,0,9,0,0,36
301,Matt Leinart,2006,2012,1,TOT,NFL,77,225,26.7,33,18,366,641,57.1,4065,15,21,70.2,6.34,123.2,8,10,0,6,0,0,12
302,Cleo Lemon,2005,2008,,TOT,NFL,74,215,27.6,16,8,211,379,55.67,2185,8,7,71.8,5.77,136.6,1,7,0,4,0,0,6
303,Jeff Lewis,1996,2000,4,TOT,NFL,74,211,27.1,12,0,28,54,51.85,210,0,2,46.1,3.89,17.5,0,0,0,4,0,0,2
304,Thaddeus Lewis,2012,2014,,TOT,NFL,72,200,27.1,7,6,115,189,60.85,1296,5,4,81.4,6.86,185.1,2,4,0,3,0,0,4
305,Ryan Lindley,2012,2015,6,TOT,NFL,75,229,28.6,10,6,140,274,51.09,1372,3,11,52.4,5.01,137.2,1,5,0,3,0,0,-4
306,Rusty Lisch,1983,1984,4,TOT,NFL,75,213,26.6,11,1,49,98,50,479,1,8,33.5,4.89,43.5,0,1,0,2,0,0,2
307,Jake Locker,2011,2014,1,OTI,NFL,74,228,29.3,30,23,408,709,57.55,4967,27,22,79,7.01,165.6,9,14,0,4,0,0,16
308,Chuck Long,1986,1991,1,TOT,NFL,76,217,26.4,27,21,331,607,54.53,3747,19,28,64.5,6.17,138.8,4,17,0,6,0,0,11
309,Jared Lorenzen,2006,2007,,NYG,NFL,76,275,33.5,4,0,4,8,50,28,0,0,58.3,3.5,7,0,0,0,2,0,0,0
310,J.P. Losman,2004,2011,1,TOT,NFL,75,220,27.5,45,33,564,952,59.24,6271,33,34,75.6,6.59,139.4,10,23,0,7,0,0,20
311,Ray Lucas,1996,2002,,TOT,NFL,75,214,26.7,55,15,280,483,57.97,3029,18,17,74.3,6.27,55.1,8,7,0,7,0,0,12
312,Oliver Luck,1983,1986,2,OTI,NFL,74,196,25.2,20,9,233,413,56.42,2544,13,21,64.1,6.16,127.2,3,6,0,4,0,0,6
313,Ed Luther,1983,1984,4,SDG,NFL,75,206,25.7,31,9,234,438,53.42,3038,12,20,65.6,6.94,98,2,7,0,2,0,0,7
314,Paxton Lynch,2016,2018,1,DEN,NFL,79,244,27.5,5,4,79,128,61.72,792,4,4,76.7,6.19,158.4,1,3,0,3,0,0,2
315,Matt Lytle,2000,2001,,TOT,NFL,76,225,27.4,4,1,17,30,56.67,133,1,3,39.3,4.43,33.3,0,1,0,2,0,0,0
316,Mike Machurek,1984,1984,6,DET,NFL,73,205,27,4,0,14,43,32.56,193,0,6,8.3,4.49,48.3,0,0,0,1,0,0,1
317,Kyle Mackey,1987,1989,11,TOT,NFL,75,220,27.5,7,4,68,134,50.75,729,3,6,55.8,5.44,104.1,1,3,0,2,0,0,3
318,Tommy Maddox,1992,2005,1,TOT,NFL,76,220,26.8,92,36,686,1200,57.17,8087,48,54,72.4,6.74,87.9,15,20,1,9,0,0,25
319,Patrick Mahomes,2017,2018,1,KAN,NFL,75,230,28.7,1,1,22,35,62.86,284,0,1,76.4,8.11,284,1,0,0,2,0,0,1
320,Ryan Mallett,2012,2017,3,TOT,NFL,78,240,27.7,21,8,190,345,55.07,1835,9,10,66.8,5.32,87.4,3,5,0,5,0,0,4
321,Mark Malone,1983,1989,1,TOT,NFL,76,223,27.1,64,51,794,1560,50.9,9622,57,76,62.1,6.17,150.3,23,28,0,7,0,0,27
322,Archie Manning,1983,1984,1,TOT,NFL,75,212,26.5,11,5,96,182,52.75,1300,4,11,57.9,7.14,118.2,0,5,0,2,0,0,4
323,Sean Mannion,2015,2018,3,RAM,NFL,78,223,25.8,7,1,31,50,62,235,0,1,65,4.7,33.6,0,1,0,4,0,0,1
324,Dan Manucci,1987,1987,5,BUF,NFL,74,196,25.2,3,1,7,21,33.33,68,0,2,3.8,3.24,22.7,0,1,0,1,0,0,0
325,EJ Manuel,2013,2018,1,TOT,NFL,76,237,28.8,30,18,343,590,58.14,3767,20,16,77.1,6.38,125.6,6,12,0,6,0,0,11
326,Johnny Manziel,2014,2015,1,CLE,NFL,72,207,28.1,15,8,147,258,56.98,1675,7,7,74.4,6.49,111.7,2,6,0,2,0,0,5
327,Todd Marinovich,1991,1992,1,RAI,NFL,76,215,26.2,8,8,104,205,50.73,1345,8,9,66.4,6.56,168.1,3,5,0,2,0,0,3
328,Marcus Mariota,2015,2018,1,OTI,NFL,76,222,27,42,42,787,1274,61.77,9476,58,34,88.6,7.44,225.6,20,22,0,4,0,0,34
329,Jamie Martin,1996,2007,,TOT,NFL,74,205,26.3,53,8,355,541,65.62,3814,20,21,82.3,7.05,72,4,4,0,9,0,0,9
330,Tee Martin,2001,2003,5,TOT,NFL,74,225,28.9,3,0,6,16,37.5,69,0,1,25.3,4.31,23,0,0,0,2,0,0,0
331,Bruce Mathison,1983,1987,10,TOT,NFL,75,205,25.6,18,9,152,309,49.19,2177,7,20,53,7.05,120.9,2,7,0,5,0,0,6
332,Shane Matthews,1996,2004,,TOT,NFL,75,196,24.5,31,22,492,839,58.64,4756,31,24,75,5.67,153.4,11,11,0,6,0,0,8
333,Steve Matthews,1997,1998,7,TOT,NFL,75,222,27.7,3,1,28,43,65.12,299,0,0,85.3,6.95,99.7,1,0,0,2,0,0,1
334,Matt Mauck,2005,2005,7,OTI,NFL,73,213,28.1,2,1,15,27,55.56,136,0,1,53.9,5.04,68,0,1,0,1,0,0,1
335,Dean May,1984,1987,5,TOT,NFL,77,220,26.1,5,0,1,6,16.67,33,0,1,10.4,5.5,6.6,0,0,0,2,0,0,0
336,A.J. McCarron,2014,2018,5,TOT,NFL,75,215,26.9,11,3,86,133,64.66,920,6,2,93.6,6.92,83.6,2,1,0,5,0,0,3
337,Brian McClure,1987,1987,12,BUF,NFL,78,222,25.7,1,1,20,38,52.63,181,0,3,32.9,4.76,181,1,0,0,1,0,0,1
338,Josh McCown,2002,2018,3,TOT,NFL,76,218,26.5,95,73,1521,2518,60.41,17168,97,78,80.8,6.82,180.7,23,50,0,16,0,0,45
339,Luke McCown,2004,2015,4,TOT,NFL,75,208,26,62,10,216,356,60.67,2370,9,15,71.3,6.66,38.2,2,8,0,10,0,0,8
340,Colt McCoy,2010,2018,3,TOT,NFL,73,210,27.7,35,25,508,842,60.33,5586,26,23,78.9,6.63,159.6,7,18,0,8,0,0,13
341,Paul McDonald,1983,1986,4,TOT,NFL,74,185,23.8,49,18,303,561,54.01,3813,15,27,64.3,6.8,77.8,6,12,0,4,0,0,10
342,Greg McElroy,2012,2012,7,NYJ,NFL,74,222,28.5,2,1,19,31,61.29,214,1,1,79.2,6.9,107,0,1,0,1,0,0,1
343,Stephen McGee,2010,2011,4,DAL,NFL,74,223,28.6,3,1,46,82,56.1,420,3,0,82.4,5.12,140,1,0,0,2,0,0,2
344,Matt McGloin,2013,2018,,TOT,NFL,73,210,27.7,13,7,161,277,58.12,1868,11,11,75.3,6.74,143.7,1,6,0,5,0,0,4
345,Monte McGuire,1987,1987,,DEN,NFL,76,202,24.6,2,0,2,3,66.67,23,0,0,89.6,7.67,11.5,0,0,0,1,0,0,0
346,Dan McGwire,1991,1995,1,TOT,NFL,80,240,26.4,13,5,74,148,50,745,2,6,52.3,5.03,57.3,2,3,0,5,0,0,2
347,Rick McIvor,1984,1985,3,CRD,NFL,76,210,25.6,6,0,0,4,0,0,0,0,39.6,0,0,0,0,0,2,0,0,0
348,Mike McMahon,2001,2005,5,TOT,NFL,74,215,27.6,29,14,229,515,44.47,2867,15,21,55.1,5.57,98.9,3,11,0,5,0,0,6
349,Cade McNown,1999,2000,1,CHI,NFL,73,208,27.4,25,15,281,515,54.56,3111,16,19,67.7,6.04,124.4,3,12,0,2,0,0,7
350,Zach Mettenberger,2014,2015,6,OTI,NFL,77,224,26.6,14,10,208,345,60.29,2347,12,14,75.4,6.8,167.6,0,10,0,2,0,0,1
351,Scott Milanovich,1996,1996,,TAM,NFL,75,227,28.4,1,0,2,3,66.67,9,0,0,70.1,3,9,0,0,0,1,0,0,0
352,Hugh Millen,1987,1995,3,TOT,NFL,77,216,25.6,40,25,560,928,60.34,6440,22,35,73.5,6.94,161,7,18,0,8,0,0,17
353,Jim Miller,1995,2002,6,TOT,NFL,74,226,29,37,27,610,1046,58.32,6387,36,31,75.2,6.11,172.6,15,12,0,6,0,0,17
354,Larry Miller,1987,1987,,MIN,NFL,76,220,26.8,2,0,1,6,16.67,2,0,1,0,0.33,1,0,0,0,1,0,0,0
355,Mark Miller,1987,1987,,BUF,NFL,74,210,27,1,0,1,3,33.33,9,0,1,2.8,3,9,0,0,0,1,0,0,0
356,Rick Mirer,1993,2003,1,TOT,NFL,75,210,26.2,80,68,1088,2043,53.26,11969,50,76,63.5,5.86,149.6,24,44,0,8,0,0,35
357,Scott Mitchell,1991,2001,4,TOT,NFL,78,240,27.7,99,71,1301,2346,55.46,15692,95,81,75.3,6.69,158.5,32,39,0,11,0,0,53
358,Kellen Moore,2012,2015,,TOT,NFL,72,197,26.7,3,2,61,104,58.65,779,4,6,71,7.49,259.7,0,2,0,3,0,0,2
359,Lance Moore,2006,2015,,TOT,NFL,69,177,26.1,129,40,0,1,0,0,0,1,0,0,0,0,0,0,10,0,0,45
360,Matt Moore,2007,2017,,TOT,NFL,75,192,24,49,30,586,983,59.61,6938,45,36,81.2,7.06,141.6,15,15,0,10,0,0,19
361,Shawn Moore,1992,1992,11,DEN,NFL,74,213,27.3,3,0,17,34,50,232,0,3,35.4,6.82,77.3,0,0,0,1,0,0,1
362,Moses Moreno,1998,2000,7,TOT,NFL,73,205,27,9,3,51,103,49.51,485,1,2,58.1,4.71,53.9,0,3,0,3,0,0,1
363,Mike Moroski,1983,1986,6,TOT,NFL,76,200,24.3,52,9,209,368,56.79,2524,7,17,65.1,6.86,48.5,3,6,0,4,0,0,7
364,Bill Musgrave,1991,1996,4,TOT,NFL,74,199,25.5,12,1,43,69,62.32,402,1,2,71,5.83,33.5,0,1,0,5,0,0,1
365,Browning Nagle,1991,1996,2,TOT,NFL,75,225,28.1,24,14,213,437,48.74,2489,8,20,53.5,5.7,103.7,4,10,0,5,0,0,5
366,Craig Nall,2003,2007,5,GNB,NFL,75,230,28.7,7,0,30,48,62.5,402,5,0,123.8,8.38,57.4,0,0,0,3,0,0,1
367,Ryan Nassib,2014,2015,4,NYG,NFL,74,227,29.1,5,0,9,10,90,128,1,0,152.1,12.8,25.6,,,,2,0,0,0
368,John Navarre,2004,2005,7,CRD,NFL,78,250,28.9,2,1,32,64,50,342,2,5,43.9,5.34,171,0,1,0,2,0,0,0
369,Rick Neuheisel,1987,1987,,SDG,NFL,73,190,25.1,3,2,40,59,67.8,367,1,1,83.1,6.22,122.3,2,0,0,1,0,0,1
370,Gifford Nielsen,1983,1983,3,OTI,NFL,76,205,25,7,7,90,175,51.43,1125,5,8,62.2,6.43,160.7,0,7,0,1,0,0,3
371,David Norrie,1987,1987,11,NYJ,NFL,76,220,26.8,2,2,35,68,51.47,376,1,4,48.4,5.53,188,0,2,0,1,0,0,1
372,Terry Nugent,1987,1987,6,CLT,NFL,76,218,26.5,1,0,3,5,60,47,0,0,91.2,9.4,47,0,0,0,1,0,0,0
373,Keith Null,2009,2009,6,RAM,NFL,76,222,27,4,4,73,119,61.34,566,3,9,49.9,4.76,141.5,0,4,0,1,0,0,1
374,Doug Nussmeier,1996,1997,4,NOR,NFL,75,211,26.4,5,2,46,82,56.1,455,1,4,55.7,5.55,91,0,2,0,2,0,0,2
375,Kevin O'Connell,2008,2008,3,NWE,NFL,77,225,26.7,2,0,4,6,66.67,23,0,0,73.6,3.83,11.5,0,0,0,1,0,0,0
376,J.T. O'Sullivan,2004,2009,6,TOT,NFL,74,220,28.2,17,8,145,257,56.42,1866,9,13,69.9,7.26,109.8,2,6,0,4,0,0,6
377,Dan Orlovsky,2005,2015,5,TOT,NFL,77,230,27.3,27,12,298,512,58.2,3132,15,13,75.3,6.12,116,2,10,0,8,0,0,7
378,Kyle Orton,2005,2014,4,TOT,NFL,76,226,27.5,87,82,1613,2712,59.48,18037,101,69,81.2,6.65,207.3,42,40,0,9,0,0,45
379,Sandy Osiecki,1984,1984,,KAN,NFL,77,202,24,4,0,7,17,41.18,64,0,1,27.6,3.76,16,0,0,0,1,0,0,0
380,Brock Osweiler,2012,2018,2,TOT,NFL,79,240,27,42,25,584,987,59.17,6171,31,27,76.5,6.25,146.9,13,12,0,7,0,0,12
381,Mike Pagel,1983,1993,4,TOT,NFL,74,206,26.4,123,45,645,1288,50.08,8133,44,56,63.4,6.31,66.1,17,28,0,11,0,0,27
382,Curtis Painter,2009,2013,6,TOT,NFL,76,230,28,14,8,148,287,51.57,1681,6,13,57.6,5.86,120.1,0,8,0,3,0,0,2
383,Tyler Palko,2010,2011,,KAN,NFL,73,215,28.4,8,4,84,140,60,831,2,7,60.7,5.94,103.9,1,3,0,2,0,0,2
384,Jesse Palmer,2002,2003,4,NYG,NFL,74,225,28.9,8,3,63,120,52.5,562,3,4,59.8,4.68,70.3,0,3,0,2,0,0,1
385,Jordan Palmer,2008,2014,6,TOT,NFL,77,232,27.5,5,0,11,18,61.11,66,0,2,28.7,3.67,13.2,0,0,0,4,0,0,0
386,Dan Pastorini,1983,1983,1,PHI,NFL,74,208,26.7,3,0,0,5,0,0,0,0,39.6,0,0,0,0,0,1,0,0,0
387,Sean Payton,1987,1987,,CHI,NFL,71,200,27.9,3,0,8,23,34.78,79,0,1,27.3,3.43,26.3,0,0,0,1,0,0,0
388,Brent Pease,1987,1988,11,OTI,NFL,74,201,25.8,20,3,62,135,45.93,792,3,9,44.4,5.87,39.6,2,1,0,2,0,0,3
389,Doug Pederson,1993,2004,,TOT,NFL,75,220,27.5,100,17,286,522,54.79,2762,12,19,62.3,5.29,27.6,3,14,0,10,0,0,1
390,Rodney Peete,1989,2004,6,TOT,NFL,72,230,31.2,104,87,1344,2346,57.29,16338,76,92,73.3,6.96,157.1,45,42,0,15,0,0,56
391,Steve Pelluer,1984,1990,5,TOT,NFL,76,209,25.4,65,30,548,974,56.26,6870,29,39,71.6,7.05,105.7,9,20,1,7,0,0,25
392,Chad Pennington,2000,2010,1,TOT,NFL,75,225,28.1,89,81,1632,2471,66.05,17823,102,64,90.1,7.21,200.3,44,37,0,11,0,0,62
393,Nathan Peterman,2017,2018,5,BUF,NFL,74,225,28.9,4,2,24,49,48.98,252,2,5,38.4,5.14,63,1,1,0,2,0,0,1
394,Bryce Petty,2016,2018,4,TOT,NFL,75,226,28.2,10,7,130,245,53.06,1353,4,10,57.7,5.52,135.3,1,6,0,3,0,0,4
395,Todd Philcox,1990,1997,,TOT,NFL,76,218,26.5,15,5,85,173,49.13,1138,7,11,57.4,6.58,75.9,2,3,0,5,0,0,3
396,Cody Pickett,2004,2005,7,SFO,NFL,75,220,27.5,6,2,18,45,40,195,0,4,16.4,4.33,32.5,0,2,0,2,0,0,1
397,Tony Pike,2010,2010,6,CAR,NFL,77,212,25.1,1,0,6,12,50,47,0,0,60.1,3.92,47,0,0,0,1,0,0,0
398,Joe Pisarcik,1983,1984,,PHI,NFL,76,220,26.8,12,3,112,210,53.33,1208,4,3,70.9,5.75,100.7,1,2,0,2,0,0,3
399,Jim Plunkett,1983,1986,1,RAI,NFL,75,220,27.5,35,30,542,932,58.15,7197,43,40,80.2,7.72,205.6,19,11,0,4,0,0,24
400,Christian Ponder,2011,2014,1,MIN,NFL,74,222,28.5,38,36,632,1057,59.79,6658,38,36,75.9,6.3,175.2,14,21,1,4,0,0,23
401,Terrelle Pryor,2011,2018,3,TOT,NFL,76,228,27.8,43,29,175,311,56.27,1994,9,12,69.3,6.41,46.4,3,7,0,7,0,0,16
402,Bernard Quarles,1987,1987,,RAM,NFL,74,215,27.6,1,0,1,3,33.33,40,1,1,81.9,13.33,40,0,0,0,1,0,0,0
403,Ryan Quigley,2013,2018,,TOT,NFL,74,205,26.3,67,0,1,2,50,38,0,0,95.8,19,0.6,,,,6,0,0,6
404,Brady Quinn,2007,2012,1,TOT,NFL,76,232,28.2,24,20,296,550,53.82,3043,12,17,64.4,5.53,126.8,4,16,0,4,0,0,2
405,Jonathan Quinn,1998,2004,3,TOT,NFL,78,243,28.1,17,6,117,223,52.47,1161,4,7,60.4,5.21,68.3,1,5,0,5,0,0,4
406,Mike Quinn,1997,1998,,TOT,NFL,76,216,26.3,4,0,2,3,66.67,20,0,0,85.4,6.67,5,0,0,0,2,0,0,0
407,Dave Ragone,2003,2003,3,HTX,NFL,75,245,30.6,2,2,20,40,50,135,0,1,47.4,3.38,67.5,0,2,0,1,0,0,1
408,Patrick Ramsey,2002,2008,1,TOT,NFL,74,225,28.9,37,24,511,913,55.97,5930,35,30,74.9,6.5,160.3,10,14,0,7,0,0,15
409,Tom Ramsey,1986,1989,10,TOT,NFL,73,189,24.9,28,5,108,214,50.47,1285,7,10,60.6,6,45.9,2,3,0,4,0,0,5
410,Tim Rattay,2000,2007,7,TOT,NFL,72,200,27.1,40,18,432,714,60.5,4853,31,23,81.9,6.8,121.3,5,13,0,8,0,0,13
411,John Reaves,1987,1987,1,TAM,NFL,75,210,26.2,2,2,6,16,37.5,83,1,0,75.8,5.19,41.5,1,1,0,1,0,0,0
412,Chris Redman,2000,2011,3,TOT,NFL,75,223,27.9,31,12,286,500,57.2,3179,21,14,78.6,6.36,102.5,4,8,0,8,0,0,10
413,Mark Reed,1983,1983,8,CLT,NFL,75,201,25.1,1,0,6,10,60,34,0,1,26.7,3.4,34,0,0,0,1,0,0,0
414,Frank Reich,1985,1998,3,TOT,NFL,76,210,25.6,118,20,508,932,54.51,6075,40,36,72.9,6.52,51.5,5,15,0,13,0,0,17
415,Sean Renfree,2014,2015,7,ATL,NFL,75,219,27.4,2,0,3,7,42.86,11,0,1,10.7,1.57,5.5,,,,2,0,0,0
416,Bucky Richardson,1992,1994,8,OTI,NFL,73,228,30.1,16,4,97,185,52.43,1257,6,6,71.4,6.79,78.6,1,3,0,3,0,0,4
417,Wally Richardson,1998,1998,7,RAV,NFL,76,225,27.4,1,0,1,2,50,1,0,0,56.2,0.5,1,0,0,0,1,0,0,0
418,Tim Riordan,1987,1987,3,NOR,NFL,73,185,24.4,1,0,0,1,0,0,0,0,39.6,0,0,0,0,0,1,0,0,0
419,Alan Risher,1985,1987,,TOT,NFL,74,190,24.4,19,3,44,74,59.46,564,3,3,80,7.62,29.7,2,1,0,2,0,0,2
420,James Ritchey,1997,1997,,OTI,NFL,74,220,28.2,1,0,2,2,100,15,0,0,97.9,7.5,15,0,0,0,1,0,0,0
421,Tony Robinson,1987,1987,,WAS,NFL,75,200,25,1,0,11,18,61.11,152,0,2,48.6,8.44,152,0,0,0,1,0,0,1
422,Timm Rosenbach,1989,1992,1,CRD,NFL,74,210,27,26,20,295,551,53.54,3676,16,24,66,6.67,141.4,5,15,0,3,0,0,13
423,Sage Rosenfels,2002,2010,4,TOT,NFL,76,222,27,44,12,351,562,62.46,4156,30,29,81.2,7.4,94.5,6,6,0,8,0,0,14
424,Ed Rubbert,1987,1987,,WAS,NFL,77,225,26.7,3,3,26,49,53.06,532,4,1,110.2,10.86,177.3,3,0,0,1,0,0,2
425,T.J. Rubley,1993,1995,9,TOT,NFL,75,212,26.5,10,7,112,195,57.44,1377,8,7,78.1,7.06,137.7,2,5,0,2,0,0,5
426,Jake Rudock,2017,2018,6,DET,NFL,75,212,26.5,3,0,3,5,60,24,0,1,32.5,4.8,8,,,,2,0,0,0
427,Cooper Rush,2017,2018,,DAL,NFL,75,225,28.1,2,0,1,3,33.33,2,0,0,42.4,0.67,1,,,,2,0,0,0
428,JaMarcus Russell,2007,2009,1,RAI,NFL,78,265,30.6,31,25,354,680,52.06,4083,18,23,65.2,6,131.7,7,18,0,3,0,0,6
429,Jeff Rutledge,1983,1992,9,TOT,NFL,73,195,25.7,109,9,230,440,52.27,3035,12,21,63.6,6.9,27.8,2,6,1,10,0,0,7
430,Pat Ryan,1983,1991,11,TOT,NFL,75,210,26.2,104,19,337,611,55.16,4007,28,30,70.2,6.56,38.5,11,8,0,8,0,0,13
431,Tony Sacca,1992,1992,2,CRD,NFL,77,230,27.3,2,0,4,11,36.36,29,0,2,5.3,2.64,14.5,0,0,0,1,0,0,0
432,Sean Salisbury,1987,1996,,TOT,NFL,77,225,26.7,40,12,318,577,55.11,3824,19,19,72.9,6.63,95.6,6,6,0,5,0,0,11
433,Mark Sanchez,2009,2016,1,TOT,NFL,74,225,28.9,77,72,1295,2285,56.67,15219,86,86,73.9,6.66,197.6,37,35,0,7,0,0,38
434,Cory Sauter,2002,2002,,CHI,NFL,76,216,26.3,1,0,6,9,66.67,59,0,0,85,6.56,59,0,0,0,1,0,0,0
435,Tom Savage,2014,2018,4,TOT,NFL,76,230,28,13,9,181,315,57.46,2000,5,7,72.5,6.35,153.8,2,7,0,4,0,0,4
436,Art Schlichter,1984,1985,1,CLT,NFL,75,210,26.2,10,6,74,165,44.85,809,3,9,43.2,4.9,80.9,0,6,0,2,0,0,3
437,Turk Schonert,1983,1989,9,TOT,NFL,73,191,25.2,66,12,300,484,61.98,3616,11,20,75.2,7.47,54.8,7,5,0,7,0,0,12
438,Scott Secules,1989,1993,6,TOT,NFL,75,220,27.5,57,4,108,204,52.94,1311,4,14,50.9,6.43,23,0,4,0,4,0,0,5
439,Frank Seurer,1986,1987,3,KAN,NFL,73,195,25.7,9,2,26,55,47.27,340,0,4,36.9,6.18,37.8,0,2,0,2,0,0,1
440,Connor Shaw,2014,2014,,CLE,NFL,72,206,27.9,1,1,14,28,50,177,0,1,55.2,6.32,177,0,1,0,1,0,0,0
441,Heath Shuler,1994,1997,1,TOT,NFL,74,216,27.7,29,22,292,593,49.24,3691,15,33,54.3,6.22,127.3,8,14,0,4,0,0,6
442,Trevor Siemian,2015,2018,7,TOT,NFL,75,220,27.5,26,24,495,835,59.28,5686,30,24,79.9,6.81,218.7,13,11,0,4,0,0,13
443,Chris Simms,2004,2009,3,TOT,NFL,76,220,26.8,23,16,297,511,58.12,3117,12,18,69.1,6.1,135.5,7,9,0,5,0,0,8
444,Matt Simms,2013,2014,,NYJ,NFL,75,210,26.2,4,0,19,39,48.72,195,1,1,61.4,5,48.8,,,,2,0,0,1
445,Brian Sipe,1983,1983,13,CLE,NFL,73,195,25.7,15,14,291,496,58.67,3566,26,23,79.1,7.19,237.7,8,6,0,1,0,0,12
446,John Skelton,2010,2012,5,CRD,NFL,77,244,28.9,20,17,320,602,53.16,3707,15,25,63,6.16,185.4,8,9,0,3,0,0,4
447,Akili Smith,1999,2002,1,CIN,NFL,75,220,27.5,22,17,215,461,46.64,2212,5,13,52.8,4.8,100.5,3,14,0,4,0,0,1
448,Brad Smith,2006,2014,4,TOT,NFL,74,210,27,127,24,4,10,40,51,1,2,50.4,5.1,0.4,0,0,0,9,0,0,20
449,Geno Smith,2013,2018,2,TOT,NFL,75,221,27.6,35,31,522,902,57.87,6174,29,36,72.9,6.84,176.4,12,19,0,6,0,0,16
450,Rusty Smith,2010,2012,6,OTI,NFL,77,212,25.1,3,1,23,45,51.11,234,0,4,29.3,5.2,78,0,1,0,2,0,0,1
451,Troy Smith,2007,2010,5,TOT,NFL,72,225,30.5,20,8,121,234,51.71,1734,8,5,78.5,7.41,86.7,4,4,0,4,0,0,6
452,Loren Snyder,1987,1987,,DAL,NFL,76,207,25.2,2,0,4,9,44.44,44,0,0,59.5,4.89,22,0,0,0,1,0,0,0
453,Jim Sorgi,2004,2009,6,CLT,NFL,77,196,23.2,16,0,99,156,63.46,929,6,1,89.9,5.96,58.1,0,0,0,6,0,0,5
454,Brian St. Pierre,2004,2010,5,TOT,NFL,75,230,28.7,3,1,15,33,45.45,185,2,3,45.6,5.61,61.7,0,1,0,3,0,0,0
455,Ken Stabler*,1983,1984,2,NOR,NFL,75,215,26.9,17,14,209,381,54.86,2327,11,23,57.7,6.11,136.9,7,7,0,2,0,0,5
456,Scott Stankavage,1984,1987,,TOT,NFL,73,194,25.6,4,0,8,25,32,66,0,2,7.9,2.64,16.5,0,0,0,2,0,0,0
457,Drew Stanton,2008,2018,2,TOT,NFL,75,226,28.2,38,17,345,659,52.35,4059,20,24,66.3,6.16,106.8,11,6,0,9,0,0,10
458,Steve Stenstrom,1996,1999,4,TOT,NFL,74,206,26.4,17,10,177,314,56.37,1895,4,12,62.5,6.04,111.5,1,9,0,4,0,0,6
459,Mark Stevens,1987,1987,,SFO,NFL,73,190,25.1,2,0,2,4,50,52,1,0,135.4,13,26,0,0,0,1,0,0,1
460,Matt Stevens,1987,1987,,KAN,NFL,72,190,25.8,3,2,32,57,56.14,315,1,1,70.4,5.53,105,0,2,0,1,0,0,1
461,Clint Stoerner,2000,2001,,DAL,NFL,74,210,27,5,2,29,54,53.7,367,4,5,61.3,6.8,73.4,1,1,0,2,0,0,1
462,Cliff Stoudt,1983,1989,5,TOT,NFL,76,215,26.2,52,19,312,586,53.24,3842,21,36,60.1,6.56,73.9,9,10,0,5,0,0,14
463,Kelly Stouffer,1988,1992,,SEA,NFL,75,210,26.2,22,16,225,437,51.49,2333,7,19,54.5,5.34,106,5,11,0,4,0,0,2
464,Don Strock,1983,1988,5,TOT,NFL,77,220,26.1,79,4,127,201,63.18,1573,13,7,94.4,7.83,19.9,4,0,0,6,0,0,4
465,Rick Strom,1989,1991,,PIT,NFL,74,210,27,10,0,14,22,63.64,162,0,1,66.9,7.36,16.2,0,0,0,3,0,0,1
466,Nate Sudfeld,2017,2018,6,PHI,NFL,78,227,26.2,1,0,19,23,82.61,134,0,0,90.9,5.83,134,,,,2,0,0,1
467,Kevin Sweeney,1987,1988,7,DAL,NFL,72,191,25.9,6,4,47,106,44.34,605,7,6,61.2,5.71,100.8,2,2,0,2,0,0,2
468,Ryan Tannehill,2012,2018,1,MIA,NFL,76,207,25.2,77,77,1653,2637,62.68,18455,106,66,86.5,7,239.7,37,40,0,6,0,0,55
469,Alex Tanney,2012,2018,,TOT,NFL,76,220,26.8,1,0,10,14,71.43,99,1,0,114.9,7.07,99,0,0,,4,0,0,0
470,Jim Bob Taylor,1983,1983,11,CLT,NFL,74,205,26.3,8,0,1,2,50,20,0,1,45.8,10,2.5,0,0,0,1,0,0,0
471,Troy Taylor,1990,1991,2,NYJ,NFL,76,200,24.3,7,0,12,20,60,125,2,1,90.6,6.25,17.9,0,0,0,2,0,0,0
472,Tim Tebow,2010,2012,1,TOT,NFL,74,236,30.3,35,16,173,361,47.92,2422,17,9,75.3,6.71,69.2,8,6,0,3,0,0,12
473,Tyler Thigpen,2007,2014,7,TOT,NFL,75,235,29.4,29,12,275,509,54.03,3222,21,18,72.5,6.33,111.1,1,11,0,7,0,0,10
474,Logan Thomas,2014,2018,4,TOT,NFL,78,250,28.9,14,2,1,9,11.11,81,1,0,101.6,9,5.8,,,,3,0,0,1
475,Jack Thompson,1983,1984,1,TAM,NFL,75,217,27.1,19,16,274,475,57.68,3243,20,26,69.8,6.83,170.7,3,13,0,2,0,0,8
476,Kevin Thompson,2000,2000,,CLE,NFL,77,236,28,1,0,1,1,100,8,0,0,100,8,8,0,0,0,1,0,0,0
477,Scott Tinsley,1987,1987,,PHI,NFL,74,195,25,3,3,48,86,55.81,637,3,4,71.7,7.41,212.3,0,3,0,1,0,0,2
478,Richard Todd,1983,1985,1,TOT,NFL,74,207,26.6,33,30,485,862,56.26,5847,32,49,65.9,6.78,177.2,13,17,0,3,0,0,15
479,Billy Joe Tolliver,1989,1999,2,TOT,NFL,73,217,28.6,79,47,891,1707,52.2,10760,59,64,67.7,6.3,136.2,15,32,0,9,0,0,29
480,Scott Tolzien,2012,2017,,TOT,NFL,75,205,25.6,10,4,88,146,60.27,1065,2,9,61.6,7.29,106.5,0,3,1,6,0,0,3
481,Mike Tomczak,1985,1999,,TOT,NFL,73,202,26.6,185,73,1248,2337,53.4,16079,88,106,68.9,6.88,86.9,42,31,0,15,0,0,57
482,Gino Torretta,1993,1996,7,TOT,NFL,74,215,27.6,2,0,5,16,31.25,41,1,1,35.4,2.56,20.5,0,0,0,2,0,0,0
483,Willie Totten,1987,1987,,BUF,NFL,74,195,25,2,1,13,33,39.39,155,2,2,49.4,4.7,77.5,0,1,0,1,0,0,0
484,Mitch Trubisky,2017,2018,1,CHI,NFL,75,222,27.7,12,12,196,330,59.39,2193,7,7,77.5,6.65,182.8,4,8,0,2,0,0,7
485,Jack Trudeau,1986,1995,2,TOT,NFL,75,227,28.4,67,49,873,1644,53.1,10243,42,69,63.3,6.23,152.9,19,30,0,10,0,0,25
486,Jeff Tuel,2013,2014,,BUF,NFL,75,218,27.2,2,1,26,59,44.07,309,1,3,45.1,5.24,154.5,0,1,0,2,0,0,1
487,Marques Tuiasosopo,2001,2008,2,RAI,NFL,73,220,29,13,2,49,90,54.44,554,2,7,48.1,6.16,42.6,0,2,0,6,0,0,1
488,Ricky Turner,1988,1988,,CLT,NFL,72,190,25.8,4,0,3,4,75,92,0,0,116.7,23,23,0,0,0,1,0,0,1
489,Alex Van Pelt,1995,2003,8,BUF,NFL,73,220,29,31,11,262,477,54.93,2985,16,24,64.1,6.26,96.3,3,8,0,9,0,0,7
490,Bradlee Van Pelt,2005,2005,7,DEN,NFL,74,220,28.2,3,0,2,8,25,7,0,0,39.6,0.88,2.3,0,0,0,1,0,0,0
491,Jeff Van Raaphorst,1987,1987,,ATL,NFL,73,210,27.7,2,1,18,34,52.94,174,1,2,52.8,5.12,87,0,1,0,1,0,0,0
492,Mark Vlasic,1987,1991,4,TOT,NFL,75,205,25.6,15,4,75,142,52.82,762,4,5,63.2,5.37,50.8,2,2,0,4,0,0,3
493,Billy Volek,2001,2011,,TOT,NFL,74,214,27.5,39,10,337,561,60.07,3754,27,15,84.9,6.69,96.3,3,7,0,9,0,0,12
494,Jay Walker,1996,1997,7,MIN,NFL,75,229,28.6,1,0,2,2,100,31,0,0,118.7,15.5,31,0,0,0,2,0,0,0
495,Seneca Wallace,2005,2013,4,TOT,NFL,71,196,27.3,64,22,468,788,59.39,4947,31,19,80.8,6.28,77.3,6,16,0,8,0,0,16
496,Steve Walsh,1989,1999,1,TOT,NFL,75,207,25.9,80,38,713,1317,54.14,7875,40,50,66.4,5.98,98.4,20,18,0,10,0,0,22
497,Andrew Walter,2006,2008,3,RAI,NFL,78,230,26.6,15,9,174,333,52.25,1919,3,16,52.6,5.76,127.9,2,7,0,3,0,0,1
498,Dave Walter,1987,1987,11,CIN,NFL,75,230,28.7,3,2,10,21,47.62,113,0,0,64.2,5.38,37.7,1,1,0,1,0,0,1
499,Andre Ware,1990,1993,1,DET,NFL,74,205,26.3,14,6,83,161,51.55,1112,5,8,63.5,6.91,79.4,3,3,0,4,0,0,5
500,Deshaun Watson,2017,2018,1,HTX,NFL,74,220,28.2,7,6,126,204,61.76,1699,19,8,103,8.33,242.7,3,3,0,2,0,0,7
501,Joe Webb,2010,2018,6,TOT,NFL,76,230,28,86,4,90,159,56.6,888,3,6,63.1,5.58,10.3,1,1,0,9,0,0,4
502,Brandon Weeden,2012,2018,1,TOT,NFL,75,230,28.7,34,25,559,965,57.93,6462,31,30,76,6.7,190.1,6,19,0,5,0,0,15
503,Chris Weinke,2001,2007,4,TOT,NFL,76,232,28.2,29,20,386,709,54.44,3904,15,26,62.2,5.51,134.6,2,18,0,5,0,0,9
504,Casey Weldon,1993,1999,4,TOT,NFL,73,206,27.2,26,0,60,120,50,713,1,4,57.4,5.94,27.4,0,0,0,5,0,0,1
505,Craig Whelihan,1997,1998,6,SDG,NFL,77,220,26.1,19,14,267,557,47.94,3160,14,29,52.4,5.67,166.3,2,12,0,2,0,0,1
506,Danny White,1983,1988,3,DAL,NFL,74,193,24.8,65,51,1066,1773,60.12,12765,86,76,80.5,7.2,196.4,32,19,0,6,0,0,41
507,Pat White,2009,2009,2,MIA,NFL,72,190,25.8,13,0,0,5,0,0,0,0,39.6,0,0,0,0,0,1,0,0,1
508,Charlie Whitehurst,2006,2016,3,TOT,NFL,76,220,26.8,26,9,219,396,55.3,2463,11,8,74.9,6.22,94.7,2,7,0,8,0,0,7
509,David Whitehurst,1983,1983,8,GNB,NFL,74,204,26.2,4,0,18,35,51.43,149,0,2,38.9,4.26,37.3,0,0,0,1,0,0,0
510,Erik Wilhelm,1989,1996,3,CIN,NFL,75,217,27.1,22,1,77,136,56.62,912,5,6,71.1,6.71,41.5,0,1,0,6,0,0,3
511,Doug Williams,1986,1989,1,WAS,NFL,76,220,26.8,21,14,345,617,55.92,4350,27,20,79.1,7.05,207.1,5,9,0,4,0,0,14
512,Peter Tom Willis,1990,1993,3,CHI,NFL,74,188,24.1,21,3,104,183,56.83,1261,6,15,54.9,6.89,60,0,3,0,4,0,0,4
513,Dave Wilson,1983,1988,1,NOR,NFL,75,206,25.7,42,27,469,880,53.3,5929,35,44,67,6.74,141.2,11,16,0,6,0,0,17
514,Marc Wilson,1983,1990,1,TOT,NFL,78,205,23.7,103,51,908,1708,53.16,12045,72,83,69.6,7.05,116.9,27,24,0,7,0,0,35
515,John Witkowski,1984,1988,6,DET,NFL,73,200,26.4,5,1,13,35,37.14,210,0,0,58,6,42,0,1,0,2,0,0,1
516,David Woodley,1983,1985,8,TOT,NFL,74,210,27,21,18,222,428,51.87,3158,17,25,65,7.38,150.4,10,8,0,3,0,0,12
517,Anthony Wright,2000,2007,,TOT,NFL,73,211,27.8,31,19,332,605,54.88,3590,20,25,66.3,5.93,115.8,8,11,0,6,0,0,11
518,Randy Wright,1984,1988,6,GNB,NFL,74,200,25.7,46,32,602,1119,53.8,7106,31,57,61.4,6.35,154.5,7,25,0,5,0,0,15
519,Danny Wuerffel,1997,2002,4,TOT,NFL,73,212,28,25,10,184,350,52.57,2123,12,22,56.4,6.07,84.9,4,6,0,6,0,0,6
520,Spergon Wynn,2000,2001,6,TOT,NFL,75,226,28.2,10,3,70,152,46.05,585,1,7,39.5,3.85,58.5,0,3,0,2,0,0,2
521,T.J. Yates,2011,2017,5,TOT,NFL,76,215,26.2,22,10,179,324,55.25,2057,10,11,70.7,6.35,93.5,4,6,0,7,0,0,6
522,Eric Zeier,1995,2000,3,TOT,NFL,73,214,28.2,28,12,301,537,56.05,3520,16,15,74.4,6.55,125.7,4,8,0,6,0,0,6
523,Scott Zolak,1992,1999,4,TOT,NFL,77,230,27.3,55,7,124,248,50,1314,8,7,64.8,5.3,23.9,3,4,0,8,0,0,4
524,Jim Zorn,1983,1987,,TOT,NFL,74,200,25.7,46,14,186,381,48.82,2239,11,17,58.3,5.88,48.7,8,6,0,4,0,0,7
