,,,,,,,,,,Misc,,,,Games,,Passing,,,,,,Rushing,,,
Rk,Year,Rnd,Pick,,Pos,DrAge,Tm,From,To,AP1,PB,St,CarAV,G,GS,QBrec,Cmp,Att,Yds,TD,Int,Att,Yds,TD,College/Univ
1,2018,1,1,Baker Mayfield,QB,23,CLE,2018,2018,0,0,0,0,0,0,,,,,,,,,,Oklahoma
2,2018,1,3,Sam Darnold,QB,21,NYJ,2018,2018,0,0,0,0,0,0,,,,,,,,,,USC
3,2018,1,7,Josh Allen,QB,22,BUF,2018,2018,0,0,0,0,0,0,,,,,,,,,,Wyoming
4,2018,1,10,Josh Rosen,QB,21,ARI,2018,2018,0,0,0,0,0,0,,,,,,,,,,UCLA
5,2018,1,32,Lamar Jackson,QB,21,BAL,2018,2018,0,0,0,0,0,0,,,,,,,,,,Louisville
6,2018,3,76,Mason Rudolph,QB,23,PIT,2018,2018,0,0,0,0,0,0,,,,,,,,,,Oklahoma St.
7,2018,4,108,Kyle Lauletta,QB,23,NYG,2018,2018,0,0,0,0,0,0,,,,,,,,,,Richmond
8,2018,5,171,Mike White,QB,23,DAL,2018,2018,0,0,0,0,0,0,,,,,,,,,,West. Kentucky
9,2018,6,199,Luke Falk,QB,23,TEN,2018,2018,0,0,0,0,0,0,,,,,,,,,,Washington St.
10,2018,6,203,Tanner Lee,QB,23,JAX,2018,2018,0,0,0,0,0,0,,,,,,,,,,Nebraska
11,2018,7,219,Danny Etling,QB,24,NWE,2018,2018,0,0,0,0,0,0,,,,,,,,,,LSU
12,2018,7,220,Alex McGough,QB,22,SEA,2018,2018,0,0,0,0,0,0,,,,,,,,,,Florida International
13,2018,7,249,Logan Woodside,QB,23,CIN,2018,2018,0,0,0,0,0,0,,,,,,,,,,Toledo
14,2017,1,2,Mitch Trubisky,QB,23,CHI,2017,2018,0,0,1,7,12,12,4/8/2000,196,330,2193,7,7,41,248,2,North Carolina
15,2017,1,10,Patrick Mahomes,QB,21,KAN,2017,2018,0,0,0,1,1,1,1-0-0,22,35,284,0,1,7,10,0,Texas Tech
16,2017,1,12,Deshaun Watson,QB,21,HOU,2017,2018,0,0,0,7,7,6,3/3/2000,126,204,1699,19,8,36,269,2,Clemson
17,2017,2,52,DeShone Kizer,QB,21,CLE,2017,2018,0,0,1,5,15,15,0-15-0,255,476,2894,11,22,77,419,5,Notre Dame
18,2017,3,87,Davis Webb,QB,22,NYG,2018,2018,0,0,0,0,0,0,,,,,,,,,,California
19,2017,3,104,C.J. Beathard,QB,23,SFO,2017,2018,0,0,0,4,7,5,1/4/2000,123,224,1430,4,6,26,136,3,Iowa
20,2017,4,135,Joshua Dobbs,QB,22,PIT,2018,2018,0,0,0,0,0,0,,,,,,,,,,Tennessee
21,2017,5,171,Nathan Peterman,QB,23,BUF,2017,2018,0,0,0,1,4,2,1/1/2000,24,49,252,2,5,7,23,0,Pittsburgh
22,2017,6,215,Brad Kaaya,QB,22,DET,2018,2018,0,0,0,0,0,0,,,,,,,,,,Miami (FL)
23,2017,7,253,Chad Kelly,QB,23,DEN,2018,2018,0,0,0,0,0,0,,,,,,,,,,Mississippi
24,2016,1,1,Jared Goff,QB,21,LAR,2016,2017,0,1,1,13,22,22,11/11/2000,408,682,4893,33,14,36,67,2,California
25,2016,1,2,Carson Wentz,QB,23,PHI,2016,2018,0,1,2,24,29,29,18-11-0,644,1047,7078,49,21,110,449,2,North Dakota St.
26,2016,1,26,Paxton Lynch,QB,22,DEN,2016,2018,0,0,0,2,5,4,1/3/2000,79,128,792,4,4,16,55,0,Memphis
27,2016,2,51,Christian Hackenberg,QB,21,NYJ,2018,2018,0,0,0,0,0,0,,,,,,,,,,Penn St.
28,2016,3,91,Jacoby Brissett,QB,22,NWE,2016,2018,0,0,1,13,19,17,5/12/2000,310,524,3498,13,7,79,343,5,North Carolina St.
29,2016,3,93,Cody Kessler,QB,23,CLE,2016,2018,0,0,1,3,12,8,0-8-0,139,218,1506,6,3,12,17,0,USC
30,2016,4,100,Connor Cook,QB,23,OAK,2016,2018,0,0,0,0,1,0,,14,21,150,1,1,,,,Michigan St.
31,2016,4,135,Dak Prescott,QB,23,DAL,2016,2018,0,1,2,29,32,32,22-10-0,619,949,6991,45,17,114,639,12,Mississippi St.
32,2016,4,139,Cardale Jones,QB,23,BUF,2016,2018,0,0,0,0,1,0,,6,11,96,0,1,1,-1,0,Ohio St.
33,2016,5,162,Kevin Hogan,QB,23,KAN,2016,2018,0,0,0,2,8,1,0-1-0,60,101,621,4,7,18,176,1,Stanford
34,2016,6,187,Nate Sudfeld,QB,22,WAS,2017,2018,0,0,0,1,1,0,,19,23,134,0,0,1,22,0,Indiana
35,2016,6,191,Jake Rudock,QB,23,DET,2017,2018,0,0,0,0,3,0,,3,5,24,0,1,,,,Michigan
36,2016,6,201,Brandon Allen,QB,24,JAX,2018,2018,0,0,0,0,0,0,,,,,,,,,,Arkansas
37,2016,6,207,Jeff Driskel,QB,23,SFO,2018,2018,0,0,0,0,0,0,,,,,,,,,,Louisiana Tech
38,2015,1,1,Jameis Winston,QB,21,TAM,2015,2018,0,1,3,33,45,45,18-27-0,939,1544,11636,69,44,140,513,8,Florida St.
39,2015,1,2,Marcus Mariota,QB,21,TEN,2015,2018,0,0,3,33,42,42,20-22-0,787,1274,9476,58,34,154,913,9,Oregon
40,2015,3,75,Garrett Grayson,QB,24,NOR,2015,2018,0,0,0,0,1,0,,,,,,,,,,Colorado St.
41,2015,3,89,Sean Mannion,QB,23,STL,2015,2018,0,0,0,1,7,1,0-1-0,31,50,235,0,1,10,-3,0,Oregon St.
42,2015,4,103,Bryce Petty,QB,24,NYJ,2016,2018,0,0,0,4,10,7,1/6/2000,130,245,1353,4,10,12,74,0,Baylor
43,2015,5,147,Brett Hundley,QB,22,GNB,2016,2018,0,0,1,5,15,9,3/6/2000,194,326,1853,9,13,39,268,2,UCLA
44,2015,7,250,Trevor Siemian,QB,23,DEN,2015,2018,0,0,2,13,26,24,13-11-0,495,835,5686,30,24,60,183,1,Northwestern
45,2014,1,3,Blake Bortles,QB,22,JAX,2014,2018,0,0,4,40,62,61,21-40-0,1318,2229,14928,90,64,223,1410,7,Central Florida
46,2014,1,22,Johnny Manziel,QB,21,CLE,2014,2015,0,0,0,5,15,8,2/6/2000,147,258,1675,7,7,46,259,1,Texas A&M
47,2014,1,32,Teddy Bridgewater,QB,21,MIN,2014,2018,0,1,2,22,30,28,17-11-0,551,851,6150,28,22,94,398,4,Louisville
48,2014,2,36,Derek Carr,QB,23,OAK,2014,2018,0,3,4,38,62,62,28-34-0,1378,2247,14690,103,44,124,366,0,Fresno St.
49,2014,2,62,Jimmy Garoppolo,QB,22,NWE,2014,2018,0,0,0,8,23,7,7-0-0,183,272,2250,12,5,40,21,1,East. Illinois
50,2014,4,120,Logan Thomas,QB,23,ARI,2014,2018,0,0,0,1,14,2,,1,9,81,1,0,,,,Virginia Tech
51,2014,4,135,Tom Savage,QB,24,HOU,2014,2018,0,0,0,4,13,9,2/7/2000,181,315,2000,5,7,16,8,0,Pittsburgh
52,2014,5,163,Aaron Murray,QB,23,KAN,2014,2014,0,0,0,0,0,,,,,,,,,,,Georgia
53,2014,5,164,A.J. McCarron,QB,23,CIN,2014,2018,0,0,0,3,11,3,2/1/2000,86,133,920,6,2,14,31,0,Alabama
54,2014,6,178,Zach Mettenberger,QB,23,TEN,2014,2015,0,0,0,1,14,10,0-10-0,208,345,2347,12,14,14,12,1,LSU
55,2014,6,183,David Fales,QB,23,CHI,2014,2018,0,0,0,1,3,0,,31,48,287,1,1,5,8,1,San Jose St.
56,2014,6,194,Keith Wenning,QB,23,BAL,2014,2014,0,0,0,0,0,,,,,,,,,,,Ball St.
57,2014,6,214,Garrett Gilbert,QB,23,STL,2014,2018,0,0,0,0,0,0,,,,,,,,,,SMU
58,2013,1,16,EJ Manuel,QB,23,BUF,2013,2018,0,0,1,10,30,18,6/12/2000,343,590,3767,20,16,96,339,4,Florida St.
59,2013,2,39,Geno Smith,QB,22,NYJ,2013,2018,0,0,2,15,35,31,12/19/2000,522,902,6174,29,36,139,659,7,West Virginia
60,2013,3,73,Mike Glennon,QB,23,TAM,2013,2018,0,0,1,13,25,22,6/16/2000,467,770,4933,34,20,41,90,0,North Carolina St.
61,2013,4,98,Matt Barkley,QB,22,PHI,2013,2018,0,0,0,2,11,6,1/5/2000,159,266,1911,8,18,12,0,0,USC
62,2013,4,110,Ryan Nassib,QB,23,NYG,2014,2015,0,0,0,0,5,0,,9,10,128,1,0,2,-3,0,Syracuse
63,2013,4,112,Tyler Wilson,QB,24,OAK,,,0,0,0,,,,,,,,,,,,,Arkansas
64,2013,4,115,Landry Jones,QB,24,PIT,2013,2018,0,0,0,4,19,5,3/2/2000,108,169,1310,8,7,19,-19,0,Oklahoma
65,2013,7,221,Brad Sorensen,QB,25,SDG,2014,2014,0,0,0,0,0,,,,,,,,,,,Southern Utah
66,2013,7,234,Zac Dysert,QB,23,DEN,2014,2014,0,0,0,0,0,,,,,,,,,,,Miami (OH)
67,2013,7,237,B.J. Daniels,QB,24,SFO,2014,2015,0,0,0,0,8,0,,1,2,7,0,0,6,6,0,South Florida
68,2013,7,249,Sean Renfree,QB,23,ATL,2014,2015,0,0,0,0,2,0,,3,7,11,0,1,1,-4,0,Duke
69,2012,1,1,Andrew Luck,QB,22,IND,2012,2018,0,3,4,59,70,70,43-27-0,1570,2651,19078,132,68,286,1442,14,Stanford
70,2012,1,2,Robert Griffin,QB,22,WAS,2012,2018,0,1,2,35,42,40,15-25-0,766,1210,8983,42,26,275,1670,10,Baylor
71,2012,1,8,Ryan Tannehill,QB,24,MIA,2012,2018,0,0,5,50,77,77,37-40-0,1653,2637,18455,106,66,216,1065,6,Texas A&M
72,2012,1,22,Brandon Weeden,QB,28,CLE,2012,2018,0,0,1,14,34,25,6/19/2000,559,965,6462,31,30,61,201,1,Oklahoma St.
73,2012,2,57,Brock Osweiler,QB,21,DEN,2012,2018,0,0,1,12,42,25,13-12-0,584,987,6171,31,27,84,245,4,Arizona St.
74,2012,3,75,Russell Wilson,QB,23,SEA,2012,2018,0,4,6,88,96,96,65-30-1,1815,2834,22176,161,56,578,3275,16,Wisconsin
75,2012,3,88,Nick Foles,QB,23,PHI,2012,2018,0,1,4,24,50,40,23-17-0,852,1420,9869,61,30,117,349,5,Arizona
76,2012,4,102,Kirk Cousins,QB,24,WAS,2012,2018,0,1,3,41,62,57,26-30-1,1372,2096,16206,99,55,123,379,13,Michigan St.
77,2012,6,185,Ryan Lindley,QB,23,ARI,2012,2015,0,0,0,-4,10,6,1/5/2000,140,274,1372,3,11,4,7,0,San Diego St.
78,2012,7,243,B.J. Coleman,QB,23,GNB,2012,2012,0,0,0,0,,,,,,,,,,,,Tenn-Chattanooga
79,2012,7,253,Chandler Harnish,QB,24,IND,2012,2014,0,0,0,0,0,,,,,,,,,,,Northern Illinois
80,2011,1,1,Cam Newton,QB,22,CAR,2011,2018,1,3,7,95,109,108,62-45-1,2001,3420,25074,158,94,828,4320,54,Auburn
81,2011,1,8,Jake Locker,QB,23,TEN,2011,2014,0,0,1,15,30,23,9/14/2000,408,709,4967,27,22,95,644,5,Washington
82,2011,1,10,Blaine Gabbert,QB,21,JAX,2011,2018,0,0,3,14,48,45,11-34-0,781,1397,8437,44,43,171,631,3,Missouri
83,2011,1,12,Christian Ponder,QB,23,MIN,2011,2014,0,0,3,22,38,36,14-21-1,632,1057,6658,38,36,126,639,7,Florida St.
84,2011,2,35,Andy Dalton,QB,23,CIN,2011,2018,0,3,7,71,109,109,63-44-2,2217,3556,25534,167,93,346,1049,18,TCU
85,2011,2,36,Colin Kaepernick,QB,23,SFO,2011,2016,0,0,4,45,69,58,28-30-0,1011,1692,12271,72,30,375,2300,13,Nevada
86,2011,3,74,Ryan Mallett,QB,23,NWE,2012,2017,0,0,0,4,21,8,3/5/2000,190,345,1835,9,10,28,-5,1,Arkansas
87,2011,5,135,Ricky Stanzi,QB,24,KAN,2012,2014,0,0,0,0,0,,,,,,,,,,,Iowa
88,2011,5,152,T.J. Yates,QB,24,HOU,2011,2017,0,0,0,6,22,10,4/6/2000,179,324,2057,10,11,28,107,1,North Carolina
89,2011,5,160,Nathan Enderle,QB,23,CHI,,,0,0,0,,,,,,,,,,,,,Idaho
90,2011,6,180,Tyrod Taylor,QB,22,BAL,2011,2018,0,1,3,39,58,43,22-20-0,793,1271,9056,51,18,310,1711,15,Virginia Tech
91,2011,7,208,Greg McElroy,QB,23,NYJ,2012,2012,0,0,0,1,2,1,0-1-0,19,31,214,1,1,8,30,0,Alabama
92,2010,1,1,Sam Bradford,QB,22,STL,2010,2018,0,0,5,43,80,80,34-45-1,1805,2887,19049,101,57,144,333,2,Oklahoma
93,2010,1,25,Tim Tebow,QB,23,DEN,2010,2012,0,0,1,12,35,16,8/6/2000,173,361,2422,17,9,197,989,12,Florida
94,2010,2,48,Jimmy Clausen,QB,22,CAR,2010,2015,0,0,1,3,22,14,1/13/2000,255,472,2520,7,14,37,102,0,Notre Dame
95,2010,3,85,Colt McCoy,QB,24,CLE,2010,2018,0,0,2,12,35,25,7/18/2000,508,842,5586,26,23,118,420,2,Texas
96,2010,4,122,Mike Kafka,QB,23,PHI,2011,2014,0,0,0,0,4,0,,11,16,107,0,2,3,0,0,Northwestern
97,2010,5,155,John Skelton,QB,22,ARI,2010,2012,0,0,0,4,20,17,8/9/2000,320,602,3707,15,25,42,182,0,Fordham
98,2010,5,168,Jonathan Crompton,QB,23,SDG,,,0,0,0,,,,,,,,,,,,,Tennessee
99,2010,6,176,Rusty Smith,QB,23,TEN,2010,2012,0,0,0,1,3,1,0-1-0,23,45,234,0,4,,,,Florida Atlantic
100,2010,6,181,Dan LeFevour,QB,23,CHI,,,0,0,0,,,,,,,,,,,,,Central Michigan
101,2010,6,204,Tony Pike,QB,24,CAR,2010,2010,0,0,0,0,1,0,,6,12,47,0,0,,,,Cincinnati
102,2010,7,209,Levi Brown,QB,23,BUF,2010,2010,0,0,0,0,1,0,,2,3,24,0,1,,,,Troy
103,2010,7,250,Zac Robinson,QB,23,NWE,2012,2012,0,0,0,0,,,,,,,,,,,,Oklahoma St.
104,2009,1,1,Matthew Stafford,QB,21,DET,2009,2018,0,1,8,85,125,125,60-65-0,3005,4850,34749,216,118,271,949,14,Georgia
105,2009,1,5,Mark Sanchez,QB,22,NYJ,2009,2016,0,0,5,34,77,72,37-35-0,1295,2285,15219,86,86,169,449,13,USC
106,2009,1,17,Josh Freeman,QB,21,TAM,2009,2015,0,0,4,38,62,61,25-36-0,1179,2048,13873,81,68,205,946,4,Kansas St.
107,2009,2,44,Pat White,QB,23,MIA,2009,2009,0,0,0,1,13,0,,0,5,0,0,0,21,81,0,West Virginia
108,2009,4,101,Stephen McGee,QB,23,DAL,2010,2011,0,0,0,2,3,1,1-0-0,46,82,420,3,0,17,102,0,Texas A&M
109,2009,5,151,Rhett Bomar,QB,24,NYG,,,0,0,0,,,,,,,,,,,,,Sam Houston St.
110,2009,5,171,Nate Davis,QB,22,SFO,,,0,0,0,,,,,,,,,,,,,Ball St.
111,2009,6,174,Tom Brandstater,QB,24,DEN,2011,2011,0,0,0,0,1,0,,0,2,0,0,0,,,,Fresno St.
112,2009,6,178,Mike Teel,QB,23,SEA,,,0,0,0,,,,,,,,,,,,,Rutgers
113,2009,6,196,Keith Null,QB,23,STL,2009,2009,0,0,0,1,4,4,0-4-0,73,119,566,3,9,5,6,0,West Texas A&M
114,2009,6,201,Curtis Painter,QB,24,IND,2009,2013,0,0,1,2,14,8,0-8-0,148,287,1681,6,13,23,109,0,Purdue
115,2008,1,3,Matt Ryan,QB,23,ATL,2008,2018,1,4,11,120,159,159,95-64-0,3651,5636,42047,260,127,353,1031,5,Boston Col.
116,2008,1,18,Joe Flacco,QB,23,BAL,2008,2018,0,0,10,86,154,154,92-62-0,3267,5291,35780,200,130,326,766,16,Delaware
117,2008,2,56,Brian Brohm,QB,22,GNB,2009,2010,0,0,0,0,3,2,0-2-0,27,52,252,0,5,3,-3,0,Louisville
118,2008,2,57,Chad Henne,QB,23,MIA,2008,2018,0,0,3,27,67,53,18-35-0,1159,1956,12931,58,63,122,355,3,Michigan
119,2008,3,94,Kevin O'Connell,QB,23,NWE,2008,2008,0,0,0,0,2,0,,4,6,23,0,0,3,-6,0,San Diego St.
120,2008,5,156,Dennis Dixon,QB,23,PIT,2008,2014,0,0,0,2,4,3,2/1/2000,35,59,402,1,2,10,56,1,Oregon
121,2008,5,160,Josh Johnson,QB,22,TAM,2009,2014,0,0,0,4,29,5,0-5-0,96,177,1042,5,10,44,274,0,San Diego
122,2008,5,162,Erik Ainge,QB,22,NYJ,,,0,0,0,,,,,,,,,,,,,Tennessee
123,2008,6,186,Colt Brennan,QB,25,WAS,,,0,0,0,,,,,,,,,,,,,Hawaii
124,2008,6,198,Andre Woodson,QB,24,NYG,,,0,0,0,,,,,,,,,,,,,Kentucky
125,2008,7,209,Matt Flynn,QB,23,GNB,2008,2014,0,0,0,8,53,7,3/4/2000,219,357,2541,17,11,65,69,1,LSU
126,2008,7,223,Alex Brink,QB,23,HOU,,,0,0,0,,,,,,,,,,,,,Washington St.
127,2007,1,1,JaMarcus Russell,QB,22,OAK,2007,2009,0,0,2,6,31,25,7/18/2000,354,680,4083,18,23,40,175,1,LSU
128,2007,1,22,Brady Quinn,QB,22,CLE,2007,2012,0,0,2,2,24,20,4/16/2000,296,550,3043,12,17,44,185,1,Notre Dame
129,2007,2,36,Kevin Kolb,QB,23,PHI,2007,2012,0,0,1,12,34,21,9/12/2000,449,755,5206,28,25,69,229,2,Houston
130,2007,2,40,John Beck,QB,26,MIA,2007,2011,0,0,0,4,9,7,0-7-0,140,239,1417,3,7,19,55,3,BYU
131,2007,2,43,Drew Stanton,QB,23,DET,2008,2018,0,0,1,10,38,17,11/6/2000,345,659,4059,20,24,80,220,2,Michigan St.
132,2007,3,92,Trent Edwards,QB,23,BUF,2007,2012,0,0,2,17,38,33,14-19-0,563,929,6033,26,30,78,330,3,Stanford
133,2007,4,103,Isaiah Stanback,QB,23,DAL,2007,2012,0,0,0,0,22,2,,,,,,,,,,Washington
134,2007,5,151,Jeff Rowe,QB,23,CIN,2007,2007,0,0,0,0,2,0,,,,,,,,,,Nevada
135,2007,5,174,Troy Smith,QB,23,BAL,2007,2010,0,0,0,6,20,8,4/4/2000,121,234,1734,8,5,52,230,3,Ohio St.
136,2007,6,205,Jordan Palmer,QB,23,WAS,2008,2014,0,0,0,0,5,0,,11,18,66,0,2,2,3,0,Texas-El Paso
137,2007,7,217,Tyler Thigpen,QB,23,MIN,2007,2014,0,0,1,10,29,12,1/11/2000,275,509,3222,21,18,79,469,3,Coastal Carolina
138,2006,1,3,Vince Young,QB,23,TEN,2006,2011,0,2,4,33,60,50,31-19-0,755,1304,8964,46,51,282,1459,12,Texas
139,2006,1,10,Matt Leinart,QB,23,ARI,2006,2012,0,0,1,12,33,18,8/10/2000,366,641,4065,15,21,47,89,2,USC
140,2006,1,11,Jay Cutler,QB,23,DEN,2006,2017,0,1,10,87,153,153,74-79-0,3048,4920,35133,227,160,386,1682,9,Vanderbilt
141,2006,2,49,Kellen Clemens,QB,23,NYJ,2006,2017,0,0,2,10,64,21,8/13/2000,350,638,4053,16,21,85,227,3,Oregon
142,2006,2,64,Tarvaris Jackson,QB,23,MIN,2006,2015,0,0,2,21,59,34,17-17-0,640,1073,7263,39,35,171,636,6,Alabama St.
143,2006,3,81,Charlie Whitehurst,QB,24,SDG,2006,2016,0,0,0,7,26,9,2/7/2000,219,396,2463,11,8,56,156,2,Clemson
144,2006,3,85,Brodie Croyle,QB,23,KAN,2006,2010,0,0,0,2,18,10,0-10-0,181,319,1669,8,9,10,15,0,Alabama
145,2006,4,103,Brad Smith,QB,22,NYJ,2006,2014,0,0,1,17,127,24,,4,10,51,1,2,134,972,4,Missouri
146,2006,5,148,Ingle Martin,QB,24,GNB,2006,2006,0,0,0,0,1,0,,,,,,,2,-5,0,Furman
147,2006,6,193,Reggie McNeal,QB,22,CIN,2006,2006,0,0,0,0,7,0,,,,,,,1,8,0,Texas A&M
148,2006,6,194,Bruce Gradkowski,QB,23,TAM,2006,2014,0,0,1,8,37,20,6/14/2000,375,709,4057,21,24,88,329,0,Toledo
149,2005,1,1,Alex Smith,QB,21,SFO,2005,2018,0,3,10,93,156,151,88-62-1,2877,4613,31888,183,96,529,2433,14,Utah
150,2005,1,24,Aaron Rodgers,QB,21,GNB,2005,2018,2,6,9,128,149,142,94-48-0,3188,4895,38502,313,78,525,2670,25,California
151,2005,1,25,Jason Campbell,QB,23,WAS,2006,2014,0,0,5,47,90,79,32-47-0,1519,2518,16771,87,60,240,1204,6,Auburn
152,2005,3,67,Charlie Frye,QB,24,CLE,2005,2009,0,0,1,8,26,23,7/16/2000,419,677,4154,17,29,72,347,4,Akron
153,2005,3,69,Andrew Walter,QB,23,OAK,2006,2008,0,0,1,1,15,9,2/7/2000,174,333,1919,3,16,19,49,0,Arizona St.
154,2005,4,106,Kyle Orton,QB,22,CHI,2005,2014,0,0,5,41,87,82,42-40-0,1613,2712,18037,101,69,126,296,4,Purdue
155,2005,5,145,Dan Orlovsky,QB,22,DET,2005,2015,0,0,0,7,27,12,2/10/2000,298,512,3132,15,13,13,34,0,Connecticut
156,2005,6,213,Derek Anderson,QB,22,BAL,2006,2017,0,1,3,22,76,47,20-27-0,867,1604,10413,60,60,101,227,5,Oregon St.
157,2005,7,230,Matt Cassel,QB,23,NWE,2005,2018,0,1,5,46,106,81,36-45-0,1571,2666,17449,104,81,266,1012,5,USC
158,2005,7,250,Ryan Fitzpatrick,QB,22,STL,2005,2018,0,0,9,65,133,119,48-70-1,2411,4039,26991,173,136,454,2075,13,Harvard
159,2004,1,1,Eli Manning,QB,23,SDG,2004,2018,0,4,13,112,216,214,111-103-0,4424,7396,51682,339,228,296,540,6,Mississippi
160,2004,1,4,Philip Rivers,QB,22,NYG,2004,2018,0,7,12,134,196,192,106-86-0,4171,6492,50348,342,166,335,573,3,North Carolina St.
161,2004,1,11,Ben Roethlisberger,QB,22,PIT,2004,2018,0,6,14,120,200,198,135-63-0,4164,6493,51065,329,174,438,1252,16,Miami (OH)
162,2004,1,22,J.P. Losman,QB,23,BUF,2004,2011,0,0,2,19,45,33,10/23/2000,564,952,6271,33,34,105,490,3,Tulane
163,2004,3,90,Matt Schaub,QB,23,ATL,2004,2018,0,2,7,69,145,92,47-45-0,2093,3274,24867,133,90,189,360,4,Virginia
164,2004,4,106,Luke McCown,QB,23,CLE,2004,2015,0,0,0,8,62,10,2/8/2000,216,356,2370,9,15,34,177,0,Louisiana Tech
165,2004,5,148,Craig Krenzel,QB,23,CHI,2004,2004,0,0,0,1,6,5,3/2/2000,59,127,718,3,6,18,41,0,Ohio St.
166,2004,6,185,Andy Hall,QB,23,PHI,2005,2005,0,0,0,0,1,0,,,,,,,,,,Delaware
167,2004,6,193,Jim Sorgi,QB,23,IND,2004,2009,0,0,0,5,16,0,,99,156,929,6,1,31,0,0,Wisconsin
168,2004,7,202,John Navarre,QB,23,ARI,2004,2005,0,0,0,0,2,1,0-1-0,32,64,342,2,5,,,,Michigan
169,2004,7,217,Cody Pickett,QB,24,SFO,2004,2005,0,0,0,1,6,2,0-2-0,18,45,195,0,4,14,47,0,Washington
170,2004,7,225,Matt Mauck,QB,25,DEN,2005,2005,0,0,0,1,2,1,0-1-0,15,27,136,0,1,7,39,0,LSU
171,2004,7,250,Bradlee Van Pelt,QB,24,DEN,2005,2005,0,0,0,0,3,0,,2,8,7,0,0,11,48,1,Colorado St.
172,2003,1,1,Carson Palmer,QB,23,CIN,2004,2017,0,3,11,108,182,181,92-88-1,3941,6307,46247,294,187,301,474,8,USC
173,2003,1,7,Byron Leftwich,QB,23,JAX,2003,2012,0,0,3,33,60,50,24-26-0,930,1605,10532,58,42,137,415,10,Marshall
174,2003,1,19,Kyle Boller,QB,22,BAL,2003,2011,0,0,4,17,67,47,20-27-0,861,1519,8931,48,54,176,572,2,California
175,2003,1,22,Rex Grossman,QB,23,CHI,2003,2012,0,0,2,23,54,47,25-22-0,863,1562,10232,56,60,81,106,4,Florida
176,2003,3,88,Dave Ragone,QB,23,HOU,2003,2003,0,0,0,1,2,2,0-2-0,20,40,135,0,1,6,51,0,Louisville
177,2003,3,97,Chris Simms,QB,23,TAM,2004,2009,0,0,1,8,23,16,7/9/2000,297,511,3117,12,18,33,48,1,Texas
178,2003,4,110,Seneca Wallace,QB,23,SEA,2005,2013,0,0,1,14,64,22,6/16/2000,468,788,4947,31,19,68,293,1,Iowa St.
179,2003,5,163,Brian St. Pierre,QB,23,PIT,2004,2010,0,0,0,0,3,1,0-1-0,15,33,185,2,3,5,-1,0,Boston Col.
180,2003,6,192,Drew Henson,QB,23,HOU,2004,2008,0,0,0,0,9,1,1-0-0,11,20,98,1,1,1,7,0,Michigan
181,2003,6,200,Brooks Bollinger,QB,23,NYJ,2004,2008,0,0,1,6,21,10,2/8/2000,211,360,2226,9,9,41,155,0,Wisconsin
182,2003,6,201,Kliff Kingsbury,QB,24,NWE,2005,2005,0,0,0,0,1,0,,1,2,17,0,0,,,,Texas Tech
183,2003,7,232,Gibran Hamdan,QB,22,WAS,2003,2003,0,0,0,0,1,0,,1,2,7,0,0,,,,Indiana
184,2003,7,241,Ken Dorsey,QB,22,SFO,2004,2008,0,0,0,1,17,13,2/11/2000,214,408,2082,8,18,11,18,0,Miami (FL)
185,2002,1,1,David Carr,QB,23,HOU,2002,2012,0,0,5,44,94,79,23-56-0,1353,2267,14452,65,71,305,1328,9,Fresno St.
186,2002,1,3,Joey Harrington,QB,23,DET,2002,2007,0,0,6,30,81,76,26-50-0,1424,2538,14693,79,85,142,402,0,Oregon
187,2002,1,32,Patrick Ramsey,QB,23,WAS,2002,2008,0,0,1,14,37,24,10/14/2000,511,913,5930,35,30,47,89,2,Tulane
188,2002,3,81,Josh McCown,QB,23,ARI,2002,2018,0,0,5,39,95,73,23-50-0,1521,2518,17168,97,78,241,1076,13,Sam Houston St.
189,2002,4,108,David Garrard,QB,24,JAX,2002,2010,0,1,5,61,86,76,39-37-0,1406,2281,16003,89,54,380,1746,17,East Carolina
190,2002,4,117,Rohan Davey,QB,24,NWE,2002,2004,0,0,0,0,7,0,,8,19,88,0,0,6,-5,0,LSU
191,2002,5,137,Randy Fasani,QB,23,CAR,2002,2002,0,0,0,1,4,1,0-1-0,15,44,171,0,4,18,95,0,Stanford
192,2002,5,158,Kurt Kittner,QB,22,ATL,2003,2003,0,0,0,1,7,4,1/3/2000,44,114,391,2,6,8,13,0,Illinois
193,2002,5,164,Craig Nall,QB,23,GNB,2003,2007,0,0,0,1,7,0,,30,48,402,5,0,10,11,0,LSU
194,2002,6,186,J.T. O'Sullivan,QB,23,NOR,2004,2009,0,0,1,6,17,8,2/6/2000,145,257,1866,9,13,39,145,0,California-Davis
195,2002,7,232,Jeff Kelly,QB,23,SEA,,,0,0,0,,,,,,,,,,,,,Southern Miss
196,2001,1,1,Michael Vick,QB,21,ATL,2001,2015,0,4,7,93,143,115,61-51-1,1807,3217,22464,133,88,873,6109,36,Virginia Tech
197,2001,2,32,Drew Brees,QB,22,SDG,2001,2018,1,11,16,159,249,248,142-106-0,6222,9294,70445,488,228,440,736,18,Purdue
198,2001,2,53,Quincy Carter,QB,23,DAL,2001,2004,0,0,2,17,38,34,18-16-0,542,960,6337,32,37,152,518,3,Georgia
199,2001,2,59,Marques Tuiasosopo,QB,22,OAK,2001,2008,0,0,0,1,13,2,0-2-0,49,90,554,2,7,17,79,0,Washington
200,2001,4,106,Chris Weinke,QB,29,CAR,2001,2007,0,0,1,9,29,20,2/18/2000,386,709,3904,15,26,54,148,6,Florida St.
201,2001,4,109,Sage Rosenfels,QB,23,WAS,2002,2010,0,0,0,13,44,12,6/6/2000,351,562,4156,30,29,48,95,1,Iowa St.
202,2001,4,125,Jesse Palmer,QB,22,NYG,2002,2003,0,0,0,1,8,3,0-3-0,63,120,562,3,4,5,20,0,Florida
203,2001,5,149,Mike McMahon,QB,22,DET,2001,2005,0,0,0,6,29,14,3/11/2000,229,515,2867,15,21,82,409,7,Rutgers
204,2001,5,155,A.J. Feeley,QB,24,PHI,2001,2011,0,0,1,7,28,18,8/10/2000,425,762,4618,28,31,37,49,1,Oregon
205,2000,1,18,Chad Pennington,QB,24,NYJ,2000,2010,0,0,6,55,89,81,44-37-0,1632,2471,17823,102,64,180,465,7,Marshall
206,2000,3,75,Chris Redman,QB,23,BAL,2000,2011,0,0,0,9,31,12,4/8/2000,286,500,3179,21,14,33,25,0,Louisville
207,2000,5,163,Tee Martin,QB,22,PIT,2001,2003,0,0,0,0,3,0,,6,16,69,0,1,6,36,0,Tennessee
208,2000,6,168,Marc Bulger,QB,23,NOR,2002,2009,0,2,7,57,96,95,41-54-0,1969,3171,22814,122,93,118,300,8,West Virginia
209,2000,6,183,Spergon Wynn,QB,22,CLE,2000,2001,0,0,0,2,10,3,0-3-0,70,152,585,1,7,11,76,0,Texas St.
210,2000,6,199,Tom Brady,QB,23,NWE,2000,2018,3,13,16,171,253,251,196-55-0,5629,8805,66159,488,160,557,968,17,Michigan
211,2000,6,202,Todd Husak,QB,22,WAS,2000,2000,0,0,0,0,1,0,,2,2,-2,0,0,1,-1,0,Stanford
212,2000,7,212,Tim Rattay,QB,23,SFO,2000,2007,0,0,1,12,40,18,5/13/2000,432,714,4853,31,23,45,77,0,Louisiana Tech
213,2000,7,214,Jarious Jackson,QB,23,DEN,2000,2003,0,0,0,0,5,1,0-1-0,11,22,114,0,1,7,15,0,Notre Dame
214,2000,7,234,Joe Hamilton,QB,23,TAM,2000,2000,0,0,0,0,1,0,,0,0,0,0,0,1,-2,0,Georgia Tech
215,1999,1,1,Tim Couch,QB,22,CLE,1999,2003,0,0,4,30,62,59,22-37-0,1025,1714,11131,64,67,124,556,2,Kentucky
216,1999,1,2,Donovan McNabb,QB,22,PHI,1999,2011,0,6,11,107,167,161,98-62-1,3170,5374,37276,234,117,616,3459,29,Syracuse
217,1999,1,3,Akili Smith,QB,24,CIN,1999,2002,0,0,1,1,22,17,3/14/2000,215,461,2212,5,13,70,371,1,Oregon
218,1999,1,11,Daunte Culpepper,QB,22,MIN,1999,2009,0,3,5,86,105,100,41-59-0,2016,3199,24153,149,106,514,2652,34,Central Florida
219,1999,1,12,Cade McNown,QB,22,CHI,1999,2000,0,0,0,7,25,15,3/12/2000,281,515,3111,16,19,82,486,3,UCLA
220,1999,2,50,Shaun King,QB,22,TAM,1999,2004,0,0,0,18,34,24,14-10-0,415,738,4566,27,24,113,454,5,Tulane
221,1999,3,77,Brock Huard,QB,23,SEA,2000,2003,0,0,0,2,8,4,0-4-0,60,107,689,4,2,9,48,0,Washington
222,1999,4,101,Joe Germaine,QB,24,STL,1999,1999,0,0,0,1,3,0,,9,16,136,1,2,3,0,0,Ohio St.
223,1999,4,131,Aaron Brooks,QB,23,GNB,2000,2006,0,0,6,65,93,90,38-52-0,1673,2963,20261,123,92,362,1534,13,Virginia
224,1999,7,227,Michael Bishop,QB,23,NWE,2000,2000,0,0,0,0,8,0,,3,9,80,1,1,7,-1,0,Kansas St.
225,1999,7,239,Chris Greisen,QB,23,ARI,1999,2000,0,0,0,0,5,0,,7,16,69,1,0,1,1,0,NW Missouri St.
226,1999,7,245,Scott Covington,QB,23,CIN,1999,2002,0,0,0,0,4,1,1-0-0,6,10,30,0,0,2,-4,0,Miami (FL)
227,1998,1,1,Peyton Manning,QB,22,IND,1998,2015,7,14,17,177,266,265,186-79-0,6125,9380,71940,539,251,431,667,18,Tennessee
228,1998,1,2,Ryan Leaf,QB,22,SDG,1998,2001,0,0,0,1,25,21,4/17/2000,317,655,3666,14,36,59,127,0,Washington St.
229,1998,2,60,Charlie Batch,QB,23,DET,1998,2012,0,0,4,33,81,55,25-30-0,908,1604,11085,61,52,172,637,6,East. Michigan
230,1998,3,86,Jonathan Quinn,QB,23,JAX,1998,2004,0,0,0,4,17,6,1/5/2000,117,223,1161,4,7,25,151,1,Middle Tenn. St.
231,1998,3,91,Brian Griese,QB,23,DEN,1998,2008,0,1,4,53,93,83,45-38-0,1752,2796,19440,119,99,238,582,5,Michigan
232,1998,6,187,Matt Hasselbeck,QB,22,GNB,1999,2015,0,3,11,88,209,160,85-75-0,3222,5330,36638,212,153,365,1231,8,Boston Col.
233,1998,7,232,Moses Moreno,QB,23,CHI,1998,2000,0,0,0,1,9,3,0-3-0,51,103,485,1,2,9,29,0,Colorado St.
234,1997,1,26,Jim Druckenmiller,QB,24,SFO,1997,1998,0,0,0,1,6,1,1-0-0,21,52,239,1,4,13,-10,0,Virginia Tech
235,1997,2,42,Jake Plummer,QB,22,ARI,1997,2006,0,1,10,77,143,136,69-67-0,2484,4350,29253,161,161,428,1853,17,Arizona St.
236,1997,4,99,Danny Wuerffel,QB,23,NOR,1997,2002,0,0,0,6,25,10,4/6/2000,184,350,2123,12,22,31,189,1,Florida
237,1997,4,110,Pat Barnes,QB,22,KAN,1999,1999,0,0,0,0,1,0,,,,,,,,,,California
238,1997,6,171,Mike Cherry,QB,23,NYG,1997,1998,0,0,0,0,2,0,,0,1,0,0,0,4,-5,0,Murray St.
239,1997,6,191,Chuck Clements,QB,23,NYJ,1997,1997,0,0,0,0,1,0,,,,,,,2,-3,0,Houston
240,1997,7,204,Tony Graziani,QB,23,ATL,1997,1999,0,0,0,3,18,5,2/3/2000,85,174,999,2,8,16,51,0,Oregon
241,1997,7,207,Koy Detmer,QB,24,PHI,1998,2006,0,0,0,4,104,8,3/5/2000,184,354,1944,10,14,31,30,1,Colorado
242,1997,7,234,Wally Richardson,QB,23,BAL,1998,1998,0,0,0,0,1,0,,1,2,1,0,0,1,0,0,Penn St.
243,1996,2,42,Tony Banks,QB,23,STL,1996,2005,0,0,5,42,96,78,35-43-0,1278,2356,15315,77,73,246,881,6,Michigan St.
244,1996,3,85,Bobby Hoying,QB,23,PHI,1996,2000,0,0,1,3,22,13,3/9/2001,244,456,2544,11,15,42,156,0,Ohio St.
245,1996,4,100,Jeff Lewis,QB,23,DEN,1996,2000,0,0,0,2,12,0,,28,54,210,0,2,21,78,0,Northern Arizona
246,1996,4,130,Danny Kanell,QB,22,NYG,1996,2003,0,0,2,13,43,24,10/13/2001,491,956,5129,31,34,44,49,0,Florida St.
247,1995,1,3,Steve McNair,QB,22,HOU,1995,2007,0,3,10,100,161,153,91-62-0,2733,4544,31304,174,119,669,3590,37,Alcorn St.
248,1995,1,5,Kerry Collins,QB,22,CAR,1995,2011,0,2,11,81,198,180,81-99-0,3487,6261,40922,208,196,374,686,10,Penn St.
249,1995,2,45,Todd Collins,QB,23,BUF,1995,2010,0,0,1,11,50,21,11/10/2000,391,701,4547,22,24,83,152,0,Michigan
250,1995,2,60,Kordell Stewart,QB,22,PIT,1995,2005,0,1,4,59,125,87,48-34-0,1316,2358,14746,77,84,560,2874,38,Colorado
251,1995,3,80,Stoney Case,QB,23,ARI,1995,2000,0,0,0,4,20,6,3/3/2000,163,318,1826,4,15,60,270,5,New Mexico
252,1995,3,84,Eric Zeier,QB,23,CLE,1995,2000,0,0,0,6,28,12,4/8/2000,301,537,3520,16,15,43,127,0,Georgia
253,1995,4,99,Rob Johnson,QB,22,JAX,1995,2003,0,0,1,19,48,29,12/17/2000,494,806,5795,30,23,140,877,4,USC
254,1995,4,119,Dave Barr,QB,23,PHI,1995,1995,0,0,0,0,2,0,,5,9,42,0,0,1,5,0,California
255,1995,4,134,Steve Stenstrom,QB,23,KAN,1996,1999,0,0,0,6,17,10,1/9/2000,177,314,1895,4,12,22,100,2,Stanford
256,1995,6,197,Craig Whelihan,QB,24,SDG,1997,1998,0,0,1,1,19,14,2/12/2000,267,557,3160,14,29,31,67,0,Pacific
257,1994,1,3,Heath Shuler,QB,22,WAS,1994,1997,0,0,2,6,29,22,8/14/2000,292,593,3691,15,33,67,198,1,Tennessee
258,1994,1,6,Trent Dilfer,QB,22,TAM,1994,2007,0,1,6,51,130,113,58-55-0,1759,3172,20518,113,129,248,853,5,Fresno St.
259,1994,4,111,Perry Klein,QB,23,ATL,1994,1994,0,0,0,0,2,0,,0,1,0,0,0,,,,C.W. Post
260,1994,4,116,Doug Nussmeier,QB,23,NOR,1996,1997,0,0,0,2,5,2,0-2-0,46,82,455,1,4,11,36,0,Idaho
261,1994,6,178,Jim Miller,QB,23,PIT,1995,2002,0,0,2,16,37,27,15-12-0,610,1046,6387,36,31,55,4,0,Michigan St.
262,1994,7,197,Gus Frerotte,QB,23,WAS,1994,2008,0,1,5,56,147,93,45-47-1,1699,3106,21291,114,106,197,315,6,Tulsa
263,1994,7,198,Jay Walker,QB,22,NWE,1996,1997,0,0,0,0,1,0,,2,2,31,0,0,,,,Howard
264,1994,7,199,Steve Matthews,QB,23,KAN,1997,1998,0,0,0,1,3,1,1-0-0,28,43,299,0,0,1,10,0,Memphis
265,1994,7,208,Glenn Foley,QB,23,NYJ,1994,1999,0,0,0,8,21,9,2/7/2000,207,382,2469,12,16,19,32,0,Boston Col.
266,1993,1,1,Drew Bledsoe,QB,21,NWE,1993,2006,0,4,12,103,194,193,98-95-0,3839,6717,44611,251,206,385,764,10,Washington St.
267,1993,1,2,Rick Mirer,QB,23,SEA,1993,2003,0,0,5,32,80,68,24-44-0,1088,2043,11969,50,76,242,1130,9,Notre Dame
268,1993,3,58,Billy Joe Hobert,QB,22,RAI,1995,1999,0,0,0,7,29,17,4/13/2000,275,527,3371,23,25,33,121,1,Washington
269,1993,5,118,Mark Brunell,QB,22,GNB,1994,2011,0,3,11,96,193,151,78-73-0,2761,4640,32072,184,108,513,2421,15,Washington
270,1993,7,192,Gino Torretta,QB,23,MIN,1993,1996,0,0,0,0,2,0,,5,16,41,1,1,2,12,0,Miami (FL)
271,1993,8,216,Alex Van Pelt,QB,23,PIT,1995,2003,0,0,1,7,31,11,3/8/2000,262,477,2985,16,24,32,53,1,Pittsburgh
272,1993,8,219,Elvis Grbac,QB,23,SFO,1994,2001,0,1,4,46,105,70,40-30-0,1446,2445,16774,99,81,163,388,7,Michigan
273,1993,8,222,Trent Green,QB,23,SDG,1997,2008,0,2,7,94,120,113,56-57-0,2266,3740,28475,162,114,243,914,6,Indiana
274,1992,1,6,David Klingler,QB,23,CIN,1992,1997,0,0,1,11,33,24,4/20/2000,389,718,3994,16,22,74,456,0,Houston
275,1992,1,25,Tommy Maddox,QB,21,DEN,1992,2005,0,0,2,24,92,36,15-20-1,686,1200,8087,48,54,68,128,1,UCLA
276,1992,2,40,Matt Blundin,QB,23,KAN,1993,1997,0,0,0,0,3,0,,2,9,15,0,2,,,,Virginia
277,1992,2,46,Tony Sacca,QB,22,PHO,1992,1992,0,0,0,0,2,0,,4,11,29,0,2,,,,Penn St.
278,1992,4,102,Casey Weldon,QB,23,PHI,1993,1999,0,0,0,1,26,0,,60,120,713,1,4,12,0,1,Florida St.
279,1992,4,107,Will Furrer,QB,24,CHI,1992,1995,0,0,0,1,9,2,0-2-0,57,124,572,2,10,8,20,0,Virginia Tech
280,1992,6,166,Jeff Blake,QB,21,NYJ,1992,2005,0,1,8,67,119,100,39-61-0,1827,3241,21711,134,99,418,2027,14,East Carolina
281,1992,8,211,Kent Graham,QB,23,NYG,1992,2001,0,0,1,21,81,38,17-21-0,694,1339,7801,39,33,121,424,5,Ohio St.
282,1992,8,220,Bucky Richardson,QB,23,HOU,1992,1994,0,0,0,4,16,4,1/3/2000,97,185,1257,6,6,33,225,1,Texas A&M
283,1992,9,227,Brad Johnson,QB,23,MIN,1994,2008,0,2,8,74,177,125,72-53-0,2668,4326,29054,166,122,276,657,8,Florida St.
284,1992,9,228,T.J. Rubley,QB,23,RAM,1993,1995,0,0,0,5,10,7,2/5/2000,112,195,1377,8,7,31,108,0,Tulsa
285,1992,9,230,Ty Detmer,QB,24,GNB,1993,2003,0,0,2,15,54,25,11/14/2000,546,946,6351,34,35,72,177,3,BYU
286,1991,1,16,Dan McGwire,QB,23,SEA,1991,1995,0,0,0,2,13,5,2/3/2000,74,148,745,2,6,14,6,0,San Diego St.
287,1991,1,24,Todd Marinovich,QB,22,RAI,1991,1992,0,0,0,3,8,8,3/5/2000,104,205,1345,8,9,12,44,0,USC
288,1991,2,33,Brett Favre HOF,QB,21,ATL,1991,2010,3,11,19,156,302,298,186-112-0,6300,10169,71838,508,336,602,1844,14,Southern Miss
289,1991,2,34,Browning Nagle,QB,23,NYJ,1991,1996,0,0,1,5,24,14,4/10/2000,213,437,2489,8,20,26,68,0,Louisville
290,1991,4,84,Scott Zolak,QB,23,NWE,1992,1999,0,0,0,4,55,7,3/4/2000,124,248,1314,8,7,38,81,0,Maryland
291,1991,4,99,Donald Hollas,QB,23,CIN,1991,1998,0,0,0,5,32,8,4/4/2000,202,375,2399,13,21,61,295,1,Rice
292,1991,4,106,Bill Musgrave,QB,23,DAL,1991,1996,0,0,0,1,12,1,0-1-0,43,69,402,1,2,19,-11,0,Oregon
293,1991,5,131,Craig Erickson,QB,22,PHI,1992,1997,0,0,2,21,52,36,14-21-0,591,1092,7625,41,38,77,201,1,Miami (FL)
294,1991,7,190,Paul Justin,QB,23,CHI,1995,1999,0,0,0,8,34,10,3/7/2000,220,380,2614,8,10,17,11,0,Arizona St.
295,1991,11,284,Shawn Moore,QB,23,DEN,1992,1992,0,0,0,1,3,0,,17,34,232,0,3,8,39,0,Virginia
296,1990,1,1,Jeff George,QB,22,IND,1990,2001,0,0,9,65,131,124,46-78-0,2298,3967,27602,154,113,168,307,2,Illinois
297,1990,1,7,Andre Ware,QB,22,DET,1990,1993,0,0,0,5,14,6,3/3/2000,83,161,1112,5,8,38,217,0,Houston
298,1990,3,59,Tom Hodson,QB,23,NWE,1990,1995,0,0,0,4,36,12,1/11/2000,174,320,1823,7,11,21,90,0,LSU
299,1990,3,63,Peter Tom Willis,QB,23,CHI,1990,1993,0,0,0,4,21,3,0-3-0,104,183,1261,6,15,5,14,0,Florida St.
300,1990,3,70,Neil O'Donnell,QB,24,PIT,1991,2003,0,1,7,59,125,100,55-45-0,1865,3229,21690,120,68,215,446,4,Maryland
301,1990,4,84,Troy Taylor,QB,22,NYJ,1990,1991,0,0,0,0,7,0,,12,20,125,2,1,9,43,1,California
302,1990,4,86,Cary Conklin,QB,22,WAS,1992,1995,0,0,0,1,7,2,0-2-0,52,101,560,5,3,5,-6,0,Washington
303,1990,4,93,Scott Mitchell,QB,22,MIA,1991,2001,0,0,5,49,99,71,32-39-0,1301,2346,15692,95,81,172,485,11,Utah
304,1990,5,135,Craig Kupp,QB,23,NYG,1991,1991,0,0,0,0,1,0,,3,7,23,0,0,1,5,0,Pacific Lutheran
305,1990,6,138,John Friesz,QB,23,SDG,1990,2000,0,0,1,26,69,38,13-25-0,745,1364,8699,45,42,53,29,0,Idaho
306,1990,6,156,Mike Buck,QB,23,NOR,1991,1995,0,0,0,2,12,1,0-1-0,55,92,790,5,4,5,-4,0,Maine
307,1989,1,1,Troy Aikman HOF,QB,22,DAL,1989,2000,0,6,11,97,165,165,94-71-0,2898,4715,32942,165,141,327,1016,9,UCLA
308,1989,2,32,Mike Elkins,QB,23,KAN,1989,1989,0,0,0,0,1,0,,1,2,5,0,1,,,,Wake Forest
309,1989,2,51,Billy Joe Tolliver,QB,23,SDG,1989,1999,0,0,2,26,79,47,15-32-0,891,1707,10760,59,64,99,320,5,Texas Tech
310,1989,3,74,Anthony Dilweg,QB,24,GNB,1989,1990,0,0,0,4,10,7,2/5/2000,102,193,1274,8,7,21,114,0,Duke
311,1989,3,83,Erik Wilhelm,QB,23,CIN,1989,1996,0,0,0,3,22,1,0-1-0,77,136,912,5,6,19,69,0,Oregon St.
312,1989,4,102,Jeff Carlson,QB,23,RAM,1990,1992,0,0,0,2,7,3,0-3-0,49,114,636,2,9,17,57,0,Weber St.
313,1989,6,140,Jeff Francis,QB,23,RAI,1990,1990,0,0,0,0,1,0,,2,2,26,0,0,,,,Tennessee
314,1989,6,141,Rodney Peete,QB,23,DET,1989,2004,0,0,7,46,104,87,45-42-0,1344,2346,16338,76,92,270,1139,16,USC
315,1988,3,68,Tom Tupa,QB,22,PHO,1988,2004,1,1,11,29,220,13,4/9/2000,259,504,3430,12,25,53,187,1,Ohio St.
316,1988,3,76,Chris Chandler,QB,22,IND,1988,2004,0,2,9,77,180,152,67-85-0,2328,4005,28484,170,146,371,1310,12,Washington
317,1988,6,151,Scott Secules,QB,23,DAL,1989,1993,0,0,0,5,57,4,0-4-0,108,204,1311,4,14,24,136,1,Virginia
318,1988,6,159,Stan Humphries,QB,23,WAS,1989,1997,0,0,6,50,88,81,50-31-0,1431,2516,17191,89,84,150,356,7,La-Monroe
319,1988,7,180,Kerwin Bell,QB,23,MIA,1996,1996,0,0,0,0,1,0,,5,5,75,1,0,1,-1,0,Florida
320,1987,1,1,Vinny Testaverde,QB,23,TAM,1987,2007,0,2,14,97,233,214,90-123-1,3787,6701,46233,275,267,430,1661,15,Miami (FL)
321,1987,1,6,Kelly Stouffer,QB,23,STL,1988,1992,0,0,0,2,22,16,5/11/2000,225,437,2333,7,19,30,75,0,Colorado St.
322,1987,1,13,Chris Miller,QB,22,ATL,1987,1999,0,1,7,52,98,92,34-58-0,1580,2892,19320,123,102,178,814,2,Oregon
323,1987,1,26,Jim Harbaugh,QB,23,CHI,1987,2000,0,1,10,78,177,140,66-74-0,2305,3918,26288,129,117,561,2787,18,Michigan
324,1987,3,64,Cody Carlson,QB,23,HOU,1988,1994,0,0,0,15,45,19,11/8/2000,370,659,4469,21,28,81,217,4,Baylor
325,1987,4,88,Mark Vlasic,QB,23,SDG,1987,1991,0,0,0,3,15,4,2/2/2000,75,142,762,4,5,4,-1,0,Iowa
326,1987,4,98,Rich Gannon,QB,21,NWE,1987,2004,2,4,8,99,157,132,76-56-0,2533,4206,28743,180,104,521,2449,21,Delaware
327,1987,4,110,Steve Beuerlein,QB,22,RAI,1988,2003,0,1,4,69,147,102,47-55-0,1894,3328,24046,147,112,225,496,5,Notre Dame
328,1987,7,180,Kevin Sweeney,QB,23,DAL,1987,1988,0,0,0,2,6,4,2/2/2000,47,106,605,7,6,11,42,0,Fresno St.
329,1987,7,186,Doug Hudson,QB,22,KAN,1987,1987,0,0,0,0,1,1,0-1-0,0,1,0,0,0,1,0,0,Nicholls St.
330,1987,8,216,Sammy Garza,QB,22,SEA,1987,1987,0,0,0,1,2,1,0-1-0,11,20,183,1,2,8,31,1,Texas-El Paso
331,1987,10,255,Don Majkowski,QB,23,GNB,1987,1996,0,1,4,39,90,57,26-30-1,1056,1905,12700,66,67,248,1114,12,Virginia
332,1987,11,295,Brent Pease,QB,22,MIN,1987,1988,0,0,0,3,20,3,2/1/2000,62,135,792,3,9,23,31,2,Montana
333,1987,11,307,Dave Walter,QB,22,NYG,1987,1987,0,0,0,1,3,2,1/1/2000,10,21,113,0,0,16,70,0,Michigan Tech
334,1986,1,3,Jim Everett,QB,23,HOU,1986,1997,0,1,10,87,158,153,64-89-0,2841,4923,34837,203,175,257,596,4,Purdue
335,1986,1,12,Chuck Long,QB,23,DET,1986,1991,0,0,1,11,27,21,4/17/2000,331,607,3747,19,28,34,88,0,Iowa
336,1986,2,47,Jack Trudeau,QB,23,IND,1986,1995,0,0,3,23,67,49,19-30-0,873,1644,10243,42,69,97,186,3,Illinois
337,1986,3,67,Bubby Brister,QB,24,PIT,1986,2000,0,0,4,41,99,75,37-38-0,1207,2212,14445,81,78,191,546,8,La-Monroe
338,1986,3,71,Hugh Millen,QB,22,RAM,1987,1995,0,0,2,16,40,25,7/18/2000,560,928,6440,22,35,65,260,1,Washington
339,1986,4,99,Doug Gaynor,QB,23,CIN,1986,1986,0,0,0,0,1,0,,3,3,30,0,0,1,4,0,Long Beach St.
340,1986,6,146,Mark Rypien,QB,23,WAS,1988,2001,0,2,5,56,104,78,47-31-0,1466,2613,18473,115,88,127,166,8,Washington St.
341,1986,6,150,Stan Gelbaugh,QB,23,DAL,1989,1996,0,0,1,2,20,12,1/11/2000,192,391,2100,10,22,28,108,0,Maryland
342,1986,7,174,Mike Norseth,QB,22,CLE,1988,1988,0,0,0,0,1,0,,,,,,,1,5,0,Kansas
343,1986,11,291,David Norrie,QB,22,SEA,1987,1987,0,0,0,1,2,2,0-2-0,35,68,376,1,4,5,5,0,UCLA
344,1986,12,312,Kent Austin,QB,23,STL,1986,1986,0,0,0,0,16,0,,,,,,,1,0,0,Mississippi
345,1986,12,313,Brian McClure,QB,22,BUF,1987,1987,0,0,0,1,1,1,1-0-0,20,38,181,0,3,2,4,0,Bowling Green
346,1986,12,316,Steve Bradley,QB,23,CIN,1987,1987,0,0,0,0,1,1,0-1-0,6,18,77,2,3,1,-3,0,Indiana
347,1985,2,37,Randall Cunningham,QB,22,PHI,1985,2001,1,4,7,107,161,135,82-52-1,2429,4289,29979,207,134,775,4928,35,UNLV
348,1985,3,57,Frank Reich,QB,23,BUF,1985,1998,0,0,1,15,118,20,5/15/2000,508,932,6075,40,36,91,78,0,Maryland
349,1985,6,142,Steve Bono,QB,23,MIN,1985,1999,0,1,2,32,88,42,28-14-0,934,1701,10439,62,42,125,257,7,UCLA
350,1985,6,143,Rusty Hilger,QB,23,RAI,1985,1991,0,0,1,5,23,14,5/9/2000,204,464,2584,11,19,35,91,0,Oklahoma St.
351,1985,11,285,Doug Flutie,QB,22,RAM,1986,2005,0,1,4,51,92,66,38-28-0,1177,2151,14715,86,68,338,1634,10,Boston Col.
352,1985,11,294,Joe Shield,QB,23,GNB,1986,1986,0,0,0,0,3,0,,,,,,,,,,Trinity (CT)
