,,,,,Passing,Passing,Passing,Passing,Passing,Passing,Passing,Passing,Passing,Rushing,Rushing,Rushing,Rushing
Rk,Player,School,Conf,G,Cmp,Att,Pct,Yds,Y/A,AY/A,TD,Int,Rate,Att,Yds,Avg,TD
1,Ty Detmer\ty-detmer-1,Brigham Young,WAC,12,265,412,64.3,4560,11.1,11.0,32,15,175.6,85,-127,-1.5,6
2,Bill Scharr\bill-scharr-1,Syracuse,Ind,11,107,169,63.3,1625,9.6,8.6,9,8,152.2,67,-47,-0.7,3
3,Shawn Moore\shawn-moore-1,Virginia,ACC,11,125,221,56.6,2078,9.4,9.6,18,7,156.1,139,505,3.6,9
4,Bret Oberg\bret-oberg-1,Iowa State,Big 8,11,152,245,62.0,2242,9.2,8.2,9,9,143.7,110,273,2.5,5
5,Peter Tom Willis\peter-tom-willis-1,Florida State,Ind,11,211,346,61.0,3124,9.0,9.0,20,9,150.7,31,-120,-3.9,2
6,Greg Frey*\greg-frey-1,Ohio State,Big Ten,12,144,246,58.5,2132,8.7,8.3,13,8,142.3,51,-92,-1.8,2
7,Dan Speltz\dan-speltz-1,Cal State Fullerton,Big West,11,214,309,69.3,2671,8.6,8.3,20,11,156.1,67,-63,-0.9,2
8,Garrett Gabriel\garrett-gabriel-1,Hawaii,WAC,12,143,249,57.4,2145,8.6,8.0,17,11,143.5,103,246,2.4,5
9,Dan Enos*\dan-enos-1,Michigan State,Big Ten,12,153,240,63.8,2066,8.6,7.1,9,12,138.4,110,153,1.4,6
10,Tommy Hodson\tommy-hodson-1,LSU,SEC,11,183,317,57.7,2655,8.4,8.1,22,12,143.4,56,-51,-0.9,2
11,Major Harris*\major-harris-1,West Virginia,Ind,12,142,245,58.0,2058,8.4,7.8,17,11,142.4,155,936,6.0,6
12,Aaron Garcia\aaron-garcia-1,Washington State,Pac-10,10,115,189,60.8,1591,8.4,7.0,11,11,139.1,52,8,0.2,0
13,Dan McGwire\dan-mcgwire-1,San Diego State,WAC,12,258,440,58.6,3651,8.3,7.1,16,19,131.7,64,-228,-3.6,2
14,Paul Justin\paul-justin-1,Arizona State,Pac-10,11,183,314,58.3,2591,8.3,7.9,17,10,139.1,27,-131,-4.9,0
15,Kelly Donohoe\kelly-donohoe-1,Kansas,Big 8,11,141,256,55.1,2125,8.3,7.0,12,13,130.1,81,-2,0.0,5
16,Alex Van Pelt\alex-van-pelt-1,Pitt,Ind,11,172,307,56.0,2527,8.2,7.6,15,11,134.1,30,-91,-3.0,3
17,Andre Ware\andre-ware-1,Houston,SWC,11,365,578,63.1,4699,8.1,8.6,46,15,152.5,50,-38,-0.8,3
18,Peter Gardere\peter-gardere-1,Texas,SWC,11,107,186,57.5,1511,8.1,5.5,5,13,120.7,68,-123,-1.8,2
19,Reggie Slack\reggie-slack-1,Auburn,SEC,11,148,252,58.7,1996,7.9,7.0,11,10,131.7,55,3,0.1,2
20,Jamie Gill\jamie-gill-1,Texas Tech,SWC,11,105,186,56.5,1464,7.9,7.0,12,9,134.2,48,-194,-4.0,2
21,Bill Musgrave*\bill-musgrave-1,Oregon,Pac-10,12,231,401,57.6,3081,7.7,7.0,22,16,132.3,45,-79,-1.8,1
22,John Darnell\john-darnell-1,Ole Miss,SEC,11,167,301,55.5,2326,7.7,6.8,11,11,125.1,110,75,0.7,1
23,Mike Gundy\mike-gundy-1,Oklahoma State,Big 8,11,164,287,57.1,2203,7.7,7.2,14,9,131.4,66,-37,-0.6,3
24,Derek Stott\derek-stott-1,UNLV,Big West,11,114,222,51.4,1701,7.7,7.3,9,6,123.7,72,38,0.5,4
25,Eric Hunter\eric-hunter-3,Purdue,Big Ten,11,91,178,51.1,1368,7.7,7.2,11,7,128.2,78,5,0.1,0
26,Mark Barsotti*\mark-barsotti-1,Fresno State,Big West,12,138,262,52.7,1987,7.6,6.7,15,12,126.1,87,244,2.8,8
27,Tom Sullivan\tom-sullivan-1,Eastern Michigan,MAC,11,129,253,51.0,1927,7.6,5.6,8,15,113.5,53,-69,-1.3,1
28,Greg Talley\greg-talley-1,Georgia,SEC,11,92,174,52.9,1330,7.6,6.0,6,9,118.1,73,38,0.5,1
29,Browning Nagle\browning-nagle-1,Louisville,Ind,11,187,334,56.0,2503,7.5,7.1,16,10,128.8,52,-121,-2.3,2
30,Neil O'Donnell\neil-odonnell-1,Maryland,ACC,11,156,280,55.7,2103,7.5,7.6,10,4,127.7,77,-44,-0.6,0
31,David Riley\david-riley-1,Ball State,MAC,11,149,256,58.2,1929,7.5,7.3,13,7,132.8,61,146,2.4,3
32,Gino Torretta\gino-torretta-1,Miami (FL),Ind,11,101,177,57.1,1325,7.5,6.4,8,8,125.8,21,-15,-0.7,0
33,Kent Kiefer\kent-kiefer-1,Missouri,Big 8,11,183,314,58.3,2314,7.4,6.0,12,15,123.2,53,-238,-4.5,0
34,T.J. Rubley\tj-rubley-1,Tulsa,Ind,11,155,308,50.3,2292,7.4,8.0,22,6,132.5,45,59,1.3,0
35,Billy Ray\billy-ray-2,Duke,ACC,9,174,274,63.5,2035,7.4,6.2,15,14,133.7,59,115,1.9,1
36,Craig Erickson\craig-erickson-1,Miami (FL),Ind,11,147,273,53.8,2007,7.4,6.4,16,13,125.4,31,-80,-2.6,1
37,Matt Veatch\matt-veatch-1,San Jose State,Big West,11,123,234,52.6,1722,7.4,5.9,8,11,116.3,29,-115,-4.0,1
38,Lance Pavlas\lance-pavlas-1,Texas A&M,SWC,11,134,227,59.0,1681,7.4,5.9,10,12,125.2,64,-2,0.0,1
39,Todd Marinovich*\todd-marinovich-1,USC,Pac-10,12,219,352,62.2,2578,7.3,6.6,16,13,131.4,64,39,0.6,4
40,Scott Mitchell\scott-mitchell-2,Utah,WAC,12,237,444,53.4,3211,7.2,6.7,31,19,128.6,64,-78,-1.2,2
41,Paul Oates\paul-oates-1,Long Beach State,Big West,12,168,364,46.2,2621,7.2,6.1,19,17,114.5,52,-65,-1.3,0
42,Howard Gasser\howard-gasser-1,UTEP,WAC,12,189,359,52.6,2586,7.2,5.7,16,19,117.3,102,-73,-0.7,5
43,Tom Corontzos\tom-corontzos-1,Wyoming,WAC,11,153,280,54.6,2005,7.2,6.2,14,12,122.7,84,-95,-1.1,2
44,Scott Schaffner\scott-schaffner-1,Minnesota,Big Ten,11,101,190,53.2,1373,7.2,6.1,7,8,117.6,76,125,1.6,2
45,Brad Goebel\brad-goebel-1,Baylor,SWC,11,95,175,54.3,1255,7.2,5.1,7,11,115.2,22,-84,-3.8,0
46,Jeff George*\jeff-george-1,Illinois,Big Ten,12,242,386,62.7,2738,7.1,6.8,22,12,134.9,25,-182,-7.3,0
47,Matt Rodgers\matt-rodgers-2,Iowa,Big Ten,11,178,312,57.1,2222,7.1,6.0,12,13,121.2,79,-74,-0.9,2
48,Bret Johnson\bret-johnson-1,UCLA,Pac-10,11,145,252,57.5,1791,7.1,5.7,12,13,122.6,64,11,0.2,1
49,Jeremy Leach\jeremy-leach-1,New Mexico,WAC,12,282,511,55.2,3573,7.0,6.1,22,20,120.3,79,-210,-2.7,2
50,Cary Conklin\cary-conklin-1,Washington,Pac-10,11,208,365,57.0,2569,7.0,5.8,16,17,121.3,68,-67,-1.0,2
51,Gary Hollingsworth\gary-hollingsworth-1,Alabama,SEC,11,205,339,60.5,2379,7.0,5.7,14,16,123.6,44,-54,-1.2,0
52,Troy Taylor\troy-taylor-1,California,Pac-10,11,220,394,55.8,2738,6.9,6.4,16,12,121.5,87,46,0.5,0
53,Mark Melfi\mark-melfi-1,Toledo,MAC,11,131,237,55.3,1632,6.9,4.9,10,15,114.4,58,-12,-0.2,0
54,Rich Dackin\rich-dackin-1,Bowling Green State,MAC,11,215,394,54.6,2679,6.8,6.5,18,11,121.2,71,-2,0.0,1
55,Brett Favre\brett-favre-1,Southern Mississippi,Ind,11,206,381,54.1,2588,6.8,6.3,14,10,118.0,43,-25,-0.6,0
56,Scott Erney\scott-erney-1,Rutgers,Ind,11,208,374,55.6,2536,6.8,5.5,15,17,116.7,69,139,2.0,3
57,Mike Gimenez\mike-gimenez-1,Colorado State,WAC,10,97,179,54.2,1223,6.8,4.7,6,11,110.4,68,113,1.7,5
58,Shane Montgomery\shane-montgomery-1,North Carolina State,ACC,11,217,396,54.8,2632,6.6,5.8,16,15,116.4,34,-52,-1.5,1
59,Tim O'Brien\tim-obrien-1,Northwestern,Big Ten,11,207,334,62.0,2218,6.6,5.5,14,15,122.6,90,44,0.5,4
60,Donald Hollas\donald-hollas-1,Rice,SWC,9,156,276,56.5,1815,6.6,5.5,5,9,111.2,95,431,4.5,7
61,Freddie Maggard\freddie-maggard-1,Kentucky,SEC,11,130,231,56.3,1515,6.6,4.7,6,12,109.5,103,-69,-0.7,0
62,Travis Hunter\travis-hunter-1,East Carolina,Ind,11,110,223,49.3,1478,6.6,5.8,15,11,117.3,98,398,4.1,4
63,Phillip Barnhill\phillip-barnhill-1,Wake Forest,ACC,11,182,377,48.3,2454,6.5,6.1,17,11,112.0,92,366,4.0,3
64,Kirk Johnson\kirk-johnson-3,Utah State,Big West,11,127,286,44.4,1862,6.5,4.7,8,15,97.8,82,-64,-0.8,6
65,Shawn Jones\shawn-jones-2,Georgia Tech,ACC,11,142,271,52.4,1748,6.5,5.2,12,13,111.6,112,330,2.9,3
66,Anthony Thornton\anthony-thornton-2,Ohio,MAC,11,120,234,51.3,1502,6.4,4.4,6,13,102.6,104,302,2.9,4
67,Jeff Bender\jeff-bender-1,Central Michigan,MAC,11,108,232,46.6,1487,6.4,4.6,6,12,98.6,54,13,0.2,0
68,Brian Mitchell\brian-mitchell-1,Louisiana,Ind,11,143,312,45.8,1966,6.3,4.2,6,17,94.2,237,1311,5.5,19
69,Troy Kopp\troy-kopp-1,Pacific,Big West,11,138,241,57.3,1510,6.3,5.7,11,8,118.3,68,-34,-0.5,0
70,Deron Smith\deron-smith-1,Tulane,Ind,12,237,423,56.0,2613,6.2,5.3,18,16,114.4,107,143,1.3,4
71,Ron Jiles\ron-jiles-1,Texas Christian,SWC,11,145,285,50.9,1763,6.2,4.0,9,18,100.6,115,343,3.0,2
72,Dave Schnell\dave-schnell-1,Indiana,Big Ten,11,146,258,56.6,1608,6.2,5.1,4,8,107.9,94,188,2.0,4
73,Matt Booher\matt-booher-1,Oregon State,Pac-10,11,122,201,60.7,1242,6.2,4.3,4,10,109.2,93,125,1.3,0
74,Mike Johnson\mike-johnson-6,Akron,Ind,11,139,299,46.5,1819,6.1,5.0,9,11,100.2,113,398,3.5,5
75,Gene Johnson\gene-johnson-3,Louisiana Tech,Ind,9,147,296,49.7,1779,6.0,5.3,12,10,106.8,54,34,0.6,1
76,Phil Vinson\phil-vinson-1,New Mexico State,Big West,11,144,289,49.8,1723,6.0,5.0,9,10,103.3,90,74,0.8,1
77,Brad Tayles\brad-tayles-1,Western Michigan,MAC,11,147,321,45.8,1909,5.9,2.9,8,25,88.4,89,112,1.3,6
78,Mike Romo\mike-romo-1,SMU,SWC,11,282,503,56.1,2927,5.8,4.8,14,18,107.0,78,-166,-2.1,0
79,Joe Napoli\joe-napoli-1,Miami (OH),MAC,11,191,342,55.8,1988,5.8,3.7,7,19,100.3,61,-236,-3.9,2
80,Joe Dalpra\joe-dalpra-1,Kent State,MAC,11,86,191,45.0,1089,5.7,3.1,7,14,90.4,90,294,3.3,3
81,Steve Smith\steve-smith-15,Stanford,Pac-10,10,150,270,55.6,1502,5.6,4.2,7,11,102.7,42,-115,-2.7,1
82,John Gromos\john-gromos-1,Vanderbilt,SEC,11,154,320,48.1,1744,5.5,4.3,9,12,95.7,43,-165,-3.8,1
83,Victor Lay\victor-lay-1,Temple,Ind,11,73,167,43.7,684,4.1,1.1,0,11,64.9,25,-145,-5.8,0