,,,,,Passing,Passing,Passing,Passing,Passing,Passing,Passing,Passing,Passing,Rushing,Rushing,Rushing,Rushing
Rk,Player,School,Conf,G,Cmp,Att,Pct,Yds,Y/A,AY/A,TD,Int,Rate,Att,Yds,Avg,TD
1,Shawn Moore\shawn-moore-1,Virginia,ACC,10,144,241,59.8,2262,9.4,9.6,21,8,160.7,94,306,3.3,8
2,Ty Detmer\ty-detmer-1,Brigham Young,WAC,12,361,562,64.2,5188,9.2,8.4,41,28,155.9,73,-166,-2.3,4
3,Rick Mirer\rick-mirer-1,Notre Dame,Ind,11,110,200,55.0,1824,9.1,8.6,8,6,138.8,98,198,2.0,6
4,Casey Weldon\casey-weldon-1,Florida State,Ind,11,112,182,61.5,1600,8.8,9.1,12,4,152.7,29,21,0.7,0
5,Craig Erickson\craig-erickson-1,Miami (FL),Ind,11,225,393,57.3,3363,8.6,8.9,22,7,144.0,46,26,0.6,3
6,Garrett Gabriel\garrett-gabriel-1,Hawaii,WAC,12,165,320,51.6,2752,8.6,7.9,25,16,139.6,92,120,1.3,3
7,Marvin Graves\marvin-graves-1,Syracuse,Ind,10,115,200,57.5,1711,8.6,7.0,9,11,133.2,115,155,1.3,5
8,Dan McGwire\dan-mcgwire-1,San Diego State,WAC,11,270,449,60.1,3833,8.5,9.0,27,7,148.6,35,-169,-4.8,1
9,Tommy Maddox\tommy-maddox-1,UCLA,Pac-10,11,182,327,55.7,2682,8.2,7.3,17,14,133.1,90,148,1.6,2
10,Browning Nagle\browning-nagle-1,Louisville,Ind,11,146,263,55.5,2150,8.2,7.5,16,11,135.9,43,-50,-1.2,1
11,Shawn Jones\shawn-jones-2,Georgia Tech,ACC,11,142,245,58.0,2008,8.2,7.1,13,12,134.5,91,277,3.0,6
12,Ralph Martini\ralph-martini-2,San Jose State,Big West,12,204,362,56.4,2928,8.1,7.7,23,13,138.1,51,-5,-0.1,2
13,Bobby Fuller\bobby-fuller-1,South Carolina,Ind,11,171,294,58.2,2372,8.1,7.6,13,9,134.4,57,-162,-2.8,0
14,David Klingler\david-klingler-1,Houston,SWC,11,374,643,58.2,5140,8.0,8.3,54,20,146.8,61,81,1.3,1
15,Quinn Grovey\quinn-grovey-1,Arkansas,SWC,11,120,235,51.1,1886,8.0,7.6,18,10,135.2,104,326,3.1,5
16,Kent Kiefer\kent-kiefer-1,Missouri,Big 8,9,165,275,60.0,2183,7.9,6.3,11,15,129.0,33,-90,-2.7,0
17,Shane Matthews\shane-matthews-1,Florida,SEC,11,229,378,60.6,2952,7.8,7.6,23,12,139.9,72,-27,-0.4,4
18,Carl Straw\carl-straw-1,Kansas State,Big 8,11,153,277,55.2,2156,7.8,6.7,7,10,121.7,72,45,0.6,6
19,Chris Pedersen\chris-pedersen-1,Iowa State,Big 8,9,114,206,55.3,1601,7.8,6.8,6,7,123.4,130,570,4.4,3
20,Troy Kopp\troy-kopp-1,Pacific,Big West,9,244,428,57.0,3311,7.7,7.7,31,14,139.4,57,-35,-0.6,1
21,Chip Hilleary\chip-hilleary-1,Kansas,Big 8,11,129,224,57.6,1730,7.7,6.1,7,11,123.0,101,342,3.4,3
22,Jason Palumbis\jason-palumbis-1,Stanford,Pac-10,11,234,341,68.6,2579,7.6,7.0,11,9,137.5,65,-136,-2.1,3
23,Peter Gardere\peter-gardere-1,Texas,SWC,11,159,282,56.4,2131,7.6,7.2,11,7,127.8,82,15,0.2,4
24,Dan Enos*\dan-enos-1,Michigan State,Big Ten,12,137,220,62.3,1677,7.6,5.7,4,11,122.3,91,133,1.5,7
25,Bill Musgrave*\bill-musgrave-1,Oregon,Pac-10,11,202,348,58.0,2611,7.5,6.9,17,12,130.3,41,-85,-2.1,3
26,Todd Marinovich*\todd-marinovich-1,USC,Pac-10,13,196,322,60.9,2423,7.5,6.7,13,12,129.9,56,-192,-3.4,3
27,Greg Frey*\greg-frey-1,Ohio State,Big Ten,12,139,276,50.4,2062,7.5,6.0,16,16,120.7,37,-97,-2.6,2
28,Jeff Bender\jeff-bender-1,Central Michigan,MAC,11,145,262,55.3,1978,7.5,7.3,15,8,131.5,69,0,0.0,3
29,Ron Lopez\ron-lopez-1,Utah State,Big West,11,138,260,53.1,1961,7.5,6.2,14,14,123.4,42,-140,-3.3,3
30,Tony Sacca\tony-sacca-1,Penn State,Ind,11,122,249,49.0,1866,7.5,6.7,10,9,118.0,51,137,2.7,1
31,Tom Corontzos*\tom-corontzos-1,Wyoming,WAC,13,211,399,52.9,2956,7.4,6.0,15,19,118.0,110,-64,-0.6,4
32,Andy Kelly\andy-kelly-1,Tennessee,SEC,12,179,304,58.9,2241,7.4,6.2,14,14,126.8,38,18,0.5,0
33,Derek Stott\derek-stott-1,UNLV,Big West,11,143,254,56.3,1877,7.4,6.7,7,7,122.0,116,233,2.0,2
34,Paul Justin\paul-justin-1,Arizona State,Pac-10,11,131,253,51.8,1876,7.4,6.4,10,10,119.2,30,-71,-2.4,2
35,Mark Barsotti\mark-barsotti-1,Fresno State,Big West,11,182,346,52.6,2534,7.3,6.3,9,12,115.8,61,248,4.1,5
36,Robert Hall\robert-hall-2,Texas Tech,SWC,11,110,217,50.7,1581,7.3,5.2,7,13,110.6,71,51,0.7,4
37,Todd Studer\todd-studer-1,Long Beach State,Big West,11,175,366,47.8,2618,7.2,7.0,19,10,119.6,63,13,0.2,1
38,Jason Verduzco*\jason-verduzco-1,Illinois,Big Ten,12,226,355,63.7,2567,7.2,6.6,16,12,132.5,41,-183,-4.5,0
39,Matt Rodgers*\matt-rodgers-2,Iowa,Big Ten,12,187,310,60.3,2228,7.2,6.7,15,10,130.2,91,64,0.7,9
40,Gene Johnson\gene-johnson-3,Louisiana Tech,Ind,11,165,297,55.6,2129,7.2,6.7,13,9,124.2,46,73,1.6,0
41,Will Furrer\will-furrer-1,Virginia Tech,Ind,11,173,296,58.4,2122,7.2,6.8,19,11,132.4,33,-76,-2.3,1
42,Elvis Grbac*\elvis-grbac-1,Michigan,Big Ten,12,155,266,58.3,1911,7.2,7.1,21,10,137.2,22,17,0.8,0
43,Kevin Meger\kevin-meger-1,Toledo,MAC,11,139,257,54.1,1861,7.2,5.8,6,11,114.1,106,326,3.1,6
44,Tom Tarver\tom-tarver-1,Rutgers,Ind,9,107,188,56.9,1348,7.2,5.9,8,9,121.6,56,-54,-1.0,2
45,Keith Benton\keith-benton-1,Memphis,Ind,11,76,176,43.2,1265,7.2,5.2,7,11,104.2,148,612,4.1,5
46,Anthony Thornton\anthony-thornton-2,Ohio,MAC,11,135,228,59.2,1586,7.0,5.7,6,9,118.4,85,153,1.8,2
47,Marquel Fleetwood\marquel-fleetwood-1,Minnesota,Big Ten,11,95,171,55.6,1199,7.0,5.9,6,7,117.8,92,268,2.9,5
48,Alex Van Pelt\alex-van-pelt-1,Pitt,Ind,11,201,351,57.3,2427,6.9,5.5,14,17,118.8,24,11,0.5,2
49,Brad Tayles\brad-tayles-1,Western Michigan,MAC,11,171,345,49.6,2397,6.9,6.4,16,11,116.9,86,208,2.4,0
50,Mike Pawlawski\mike-pawlawski-1,California,Pac-10,11,179,299,59.9,2069,6.9,6.1,17,13,128.1,54,-68,-1.3,3
51,Mike Richmond\mike-richmond-1,Utah,WAC,11,156,287,54.4,1976,6.9,4.9,8,16,110.2,44,-167,-3.8,0
52,Jeff Blake\jeff-blake-2,East Carolina,Ind,11,116,219,53.0,1510,6.9,6.0,13,10,121.3,118,414,3.5,4
53,Paul Schulte\paul-schulte-1,Cal State Fullerton,Big West,11,173,342,50.6,2316,6.8,5.5,14,16,111.6,69,-157,-2.3,0
54,Donald Hollas\donald-hollas-1,Rice,SWC,11,151,265,57.0,1808,6.8,4.4,8,18,110.7,122,195,1.6,11
55,Mark Brunell\mark-brunell-1,Washington,Pac-10,11,118,253,46.6,1732,6.8,6.5,14,8,116.1,105,444,4.2,10
56,Terry Jordan\terry-jordan-1,North Carolina State,ACC,10,101,179,56.4,1221,6.8,6.2,6,5,119.2,64,-5,-0.1,2
57,Stan White*\stan-white-2,Auburn,SEC,12,180,338,53.3,2242,6.6,5.6,14,14,114.4,38,-109,-2.9,0
58,Matt Baker\matt-baker-2,Temple,Ind,11,134,222,60.4,1462,6.6,5.4,7,9,118.0,50,107,2.1,1
59,Tony Shell\tony-shell-1,Mississippi State,SEC,11,151,293,51.5,1909,6.5,5.8,10,9,111.4,40,-66,-1.7,0
60,Len Williams\len-williams-1,Northwestern,Big Ten,11,150,262,57.3,1700,6.5,5.9,12,9,120.0,111,140,1.3,1
61,Jeremy Leach\jeremy-leach-1,New Mexico,WAC,11,180,380,47.4,2428,6.4,5.1,12,16,103.0,56,-204,-3.6,1
62,Eric Hunter\eric-hunter-3,Purdue,Big Ten,11,200,366,54.6,2355,6.4,5.4,12,14,111.9,97,0,0.0,7
63,Roy Johnson\roy-johnson-1,Arkansas State,Ind,10,101,245,41.2,1561,6.4,4.5,9,14,95.4,143,380,2.7,3
64,James Freeman\james-freeman-1,Louisiana,Ind,11,99,209,47.4,1332,6.4,5.1,5,8,101.1,162,296,1.8,3
65,Deron Smith\deron-smith-1,Tulane,Ind,11,193,361,53.5,2282,6.3,5.5,19,15,115.6,65,14,0.2,2
66,Glenn Foley\glenn-foley-1,Boston College,Ind,11,182,349,52.1,2189,6.3,4.2,11,21,103.2,51,-66,-1.3,0
67,Tony Lowery\tony-lowery-1,Wisconsin,Big Ten,11,159,280,56.8,1757,6.3,4.5,5,13,106.1,76,-2,0.0,0
68,Scott Zolak\scott-zolak-1,Maryland,ACC,11,225,418,53.8,2589,6.2,4.6,10,19,104.7,64,-197,-3.1,1
69,David Chisum\david-chisum-1,New Mexico State,Big West,11,187,374,50.0,2277,6.1,5.0,13,15,104.6,96,-255,-2.7,0
70,Joe Dalpra\joe-dalpra-1,Kent State,MAC,11,125,252,49.6,1533,6.1,4.9,10,11,105.1,131,403,3.1,5
71,Paul Anderson\paul-anderson-2,Cincinnati,Ind,11,123,238,51.7,1453,6.1,4.1,8,14,102.3,107,103,1.0,2
72,Todd Burnett\todd-burnett-1,North Carolina,ACC,11,112,219,51.1,1339,6.1,5.2,4,6,103.0,44,-114,-2.6,0
73,DeChane Cameron*\dechane-cameron-1,Clemson,ACC,12,98,194,50.5,1185,6.1,5.7,7,5,108.6,125,361,2.9,4
74,Greg Jones\greg-jones-7,West Virginia,Ind,11,121,247,49.0,1481,6.0,4.9,7,9,101.4,50,70,1.4,2
75,Alton Grizzard\alton-grizzard-1,Navy,Ind,11,121,240,50.4,1438,6.0,4.4,12,14,105.6,123,396,3.2,4
76,Jim Clement\jim-clement-1,Miami (OH),MAC,11,84,196,42.9,1184,6.0,3.5,7,14,91.1,126,326,2.6,3
77,Mike Romo\mike-romo-1,SMU,SWC,10,250,412,60.7,2434,5.9,5.4,19,13,119.2,78,-206,-2.6,0
78,Matt Vogler\matt-vogler-2,Texas Christian,SWC,10,136,281,48.4,1646,5.9,4.3,7,13,96.6,47,-32,-0.7,1
79,Shane Jackson\shane-jackson-1,Eastern Michigan,MAC,11,113,245,46.1,1454,5.9,3.9,7,14,94.0,40,-45,-1.1,1
80,Dave Brown\dave-brown-2,Duke,ACC,10,129,245,52.7,1444,5.9,4.3,8,12,103.1,40,21,0.5,1
81,Mike Perez\mike-perez-3,UTEP,WAC,11,100,211,47.4,1220,5.8,4.3,5,9,95.3,84,-15,-0.2,0
82,Brett Favre\brett-favre-1,Southern Mississippi,Ind,11,150,275,54.5,1572,5.7,5.2,7,6,106.6,42,-218,-5.2,0
83,Freddie Maggard\freddie-maggard-1,Kentucky,SEC,9,109,188,58.0,1051,5.6,4.6,6,7,108.0,36,-23,-0.6,0
84,Mike Neu\mike-neu-1,Ball State,MAC,11,91,180,50.6,1004,5.6,4.4,10,9,105.7,36,-154,-4.3,0
85,Erik White\erik-white-1,Bowling Green State,MAC,10,127,262,48.5,1386,5.3,3.6,5,12,90.0,19,-28,-1.5,1
86,Gary Hollingsworth\gary-hollingsworth-1,Alabama,SEC,11,140,282,49.6,1463,5.2,3.4,4,13,88.7,42,-29,-0.7,0
87,Phillip Barnhill\phillip-barnhill-1,Wake Forest,ACC,10,125,276,45.3,1443,5.2,3.7,6,12,87.7,75,121,1.6,2
88,Gus Frerotte\gus-frerotte-1,Tulsa,Ind,9,97,216,44.9,1066,4.9,3.3,5,10,84.7,22,-58,-2.6,0