,,,,,Passing,Passing,Passing,Passing,Passing,Passing,Passing,Passing,Passing,Rushing,Rushing,Rushing,Rushing
Rk,Player,School,Conf,G,Cmp,Att,Pct,Yds,Y/A,AY/A,TD,Int,Rate,Att,Yds,Avg,TD
1,Akili Smith*\akili-smith-1,Oregon,Pac-10,12,215,371,58.0,3763,10.1,10.9,32,8,167.3,82,184,2.2,4
2,Cade McNown*\cade-mcnown-1,UCLA,Pac-10,12,207,357,58.0,3470,9.7,9.7,25,11,156.6,75,182,2.4,3
3,Shaun King*\shaun-king-1,Tulane,CUSA,12,246,366,67.2,3508,9.6,10.9,38,6,178.7,156,641,4.1,11
4,Michael Bishop\michael-bishop-1,Kansas State,Big 12,12,164,295,55.6,2844,9.6,10.4,23,5,158.9,177,748,4.2,14
5,David Neill\david-neill-1,Nevada,Big West,9,199,344,57.8,3249,9.4,10.0,29,9,159.8,65,102,1.6,2
6,Jarious Jackson*\jarious-jackson-1,Notre Dame,Ind,11,104,188,55.3,1740,9.3,9.2,13,6,149.5,113,441,3.9,3
7,Daunte Culpepper\daunte-culpepper-1,UCF,Ind,11,296,402,73.6,3690,9.2,9.8,28,7,170.2,141,463,3.3,12
8,Major Applewhite\major-applewhite-1,Texas,Big 12,11,159,273,58.2,2453,9.0,8.5,18,11,147.4,33,-63,-1.9,0
9,Tim Rattay\tim-rattay-1,Louisiana Tech,Ind,12,380,559,68.0,4943,8.8,9.4,46,13,164.8,43,-78,-1.8,1
10,Joe Germaine*\joe-germaine-1,Ohio State,Big Ten,12,230,384,59.9,3330,8.7,9.2,25,7,150.6,62,-83,-1.3,0
11,Chris Weinke\chris-weinke-1,Florida State,ACC,10,145,286,50.7,2487,8.7,9.1,19,6,141.5,47,-168,-3.6,1
12,Marc Bulger*\marc-bulger-1,West Virginia,Big East,12,274,419,65.4,3607,8.6,9.0,31,10,157.3,33,-92,-2.8,0
13,Quincy Carter\quincy-carter-1,Georgia,SEC,11,176,290,60.7,2484,8.6,8.0,12,9,140.1,99,284,2.9,4
14,Doug Johnson\doug-johnson-3,Florida,SEC,10,154,274,56.2,2346,8.6,8.6,19,8,145.2,29,-66,-2.3,1
15,Chris Redman\chris-redman-1,Louisville,CUSA,10,309,473,65.3,4042,8.5,8.3,29,15,151.0,40,-33,-0.8,2
16,Scott Covington\scott-covington-1,Miami (FL),Big East,11,159,270,58.9,2301,8.5,8.6,19,8,147.8,45,-192,-4.3,0
17,Donovan McNabb\donovan-mcnabb-1,Syracuse,Big East,11,157,251,62.5,2134,8.5,9.4,22,5,158.9,135,438,3.2,8
18,Chad Pennington*\chad-pennington-1,Marshall,MAC,13,297,456,65.1,3830,8.4,8.9,28,7,152.9,55,8,0.1,1
19,Jamie Barnette\jamie-barnette-1,North Carolina State,ACC,11,193,377,51.2,3169,8.4,8.0,18,11,131.7,83,13,0.2,3
20,Clint Stoerner\clint-stoerner-1,Arkansas,SEC,11,167,312,53.5,2629,8.4,8.9,26,8,146.7,51,-57,-1.1,1
21,Joe Hamilton\joe-hamilton-1,Georgia Tech,ACC,11,145,259,56.0,2166,8.4,8.3,17,8,141.7,112,298,2.7,4
22,Ryan Kealy\ryan-kealy-1,Arizona State,Pac-10,10,150,261,57.5,2161,8.3,8.2,19,9,144.1,33,-103,-3.1,0
23,Tim Lester\tim-lester-1,Western Michigan,MAC,11,236,406,58.1,3311,8.2,7.5,22,16,136.6,70,-49,-0.7,1
24,Lee Roberts\lee-roberts-1,Southern Mississippi,CUSA,11,185,325,56.9,2680,8.2,8.2,24,11,143.8,35,-148,-4.2,0
25,David Garrard\david-garrard-1,East Carolina,CUSA,11,157,255,61.6,2091,8.2,8.1,14,7,143.1,127,164,1.3,2
26,Kevin Feterik\kevin-feterik-1,Brigham Young,WAC,13,202,336,60.1,2718,8.1,8.2,16,6,140.2,106,-111,-1.0,3
27,Tee Martin\tee-martin-1,Tennessee,SEC,12,153,267,57.3,2164,8.1,8.5,19,6,144.4,103,287,2.8,7
28,Herb Tyler\herb-tyler-1,LSU,SEC,10,153,250,61.2,2018,8.1,8.3,18,7,147.2,85,182,2.1,7
29,Aaron Brooks\aaron-brooks-1,Virginia,ACC,11,156,290,53.8,2319,8.0,7.4,12,9,128.4,84,227,2.7,5
30,Mike McMahon\mike-mcmahon-1,Rutgers,Big East,11,143,276,51.8,2203,8.0,6.2,12,16,121.6,62,-67,-1.1,2
31,Scott Mutryn\scott-mutryn-1,Boston College,Big East,11,171,286,59.8,2218,7.8,6.9,12,11,131.1,82,80,1.0,4
32,Tim Couch\tim-couch-1,Kentucky,SEC,11,400,553,72.3,4275,7.7,7.8,36,15,153.3,64,-124,-1.9,1
33,Andrew Zow\andrew-zow-1,Alabama,SEC,11,143,256,55.9,1969,7.7,7.3,11,7,129.2,53,-99,-1.9,2
34,Wayne Madkin\wayne-madkin-1,Mississippi State,SEC,12,96,199,48.2,1532,7.7,6.8,11,9,122.1,61,-36,-0.6,2
35,Mike Moschetti\mike-moschetti-1,Colorado,Big 12,11,162,276,58.7,2104,7.6,7.6,15,7,135.6,101,-55,-0.5,2
36,Deontey Kenner\deontey-kenner-1,Cincinnati,CUSA,10,148,270,54.8,2047,7.6,5.9,6,13,116.2,25,20,0.8,0
37,Billy Volek\billy-volek-1,Fresno State,WAC,11,151,261,57.9,1973,7.6,7.8,10,3,131.7,62,-18,-0.3,4
38,John Welsh\john-welsh-1,Idaho,Big West,9,98,182,53.8,1387,7.6,6.4,11,10,126.8,43,173,4.0,0
39,Walter Church\walter-church-1,Eastern Michigan,MAC,9,213,355,60.0,2650,7.5,6.7,13,12,128.0,51,-95,-1.9,1
40,Tom Brady\tom-brady-1,Michigan,Big Ten,12,200,323,61.9,2427,7.5,7.0,14,10,133.1,54,-105,-1.9,2
41,Jay Stoner\jay-stoner-1,Wyoming,WAC,11,183,316,57.9,2373,7.5,6.8,11,10,126.1,82,4,0.0,3
42,Carson Palmer*\carson-palmer-1,USC,Pac-10,13,130,235,55.3,1755,7.5,6.9,7,6,122.8,47,-116,-2.5,1
43,Kevin Thompson\kevin-thompson-2,Penn State,Big Ten,11,121,226,53.5,1691,7.5,6.4,6,8,118.1,38,-79,-2.1,2
44,Tony Lindsay\tony-lindsay-1,Oklahoma State,Big 12,11,97,196,49.5,1442,7.4,6.7,7,6,117.0,151,592,3.9,10
45,Jonathan Crosswhite\jonathan-crosswhite-1,Utah,WAC,10,128,221,57.9,1615,7.3,6.4,10,9,126.1,47,14,0.3,2
46,Zac Wegner\zac-wegner-1,Kansas,Big 12,9,91,186,48.9,1367,7.3,6.7,7,6,116.6,39,-24,-0.6,2
47,Bill Burke\bill-burke-1,Michigan State,Big Ten,12,195,358,54.5,2595,7.2,7.1,19,10,127.3,65,-253,-3.9,1
48,Mike Bath\mike-bath-1,Miami (OH),MAC,11,108,209,51.7,1500,7.2,6.6,12,8,123.3,80,260,3.3,3
49,Corby Jones\corby-jones-1,Missouri,Big 12,11,87,178,48.9,1281,7.2,6.9,9,5,120.4,168,536,3.2,11
50,Ryan Eslinger\ryan-eslinger-1,Colorado State,WAC,12,206,336,61.3,2386,7.1,6.5,14,11,128.2,56,38,0.7,4
51,Steve Birnbaum\steve-birnbaum-1,Washington State,Pac-10,10,114,235,48.5,1677,7.1,5.5,6,11,107.5,34,-158,-4.6,0
52,Drew Brees*\drew-brees-1,Purdue,Big Ten,13,361,569,63.4,3983,7.0,6.8,39,20,137.8,69,193,2.8,3
53,Cleo Lemon\cleo-lemon-1,Arkansas State,Ind,12,183,387,47.3,2721,7.0,6.6,14,10,113.1,67,-241,-3.6,0
54,Romaro Miller\romaro-miller-1,Ole Miss,SEC,10,184,326,56.4,2273,7.0,6.1,11,11,119.4,60,33,0.6,1
55,Anthony Wright\anthony-wright-4,South Carolina,SEC,11,145,273,53.1,1899,7.0,6.0,10,10,116.3,79,56,0.7,3
56,Todd Husak\todd-husak-1,Stanford,Pac-10,11,233,447,52.1,3092,6.9,7.0,17,7,119.6,48,-66,-1.4,0
57,Graham Leigh\graham-leigh-2,New Mexico,WAC,12,198,376,52.7,2608,6.9,5.9,18,17,117.7,111,296,2.7,3
58,Andre Vige\andre-vige-1,Louisiana-Monroe,Ind,11,136,284,47.9,1967,6.9,6.7,17,9,119.5,48,-145,-3.0,0
59,Brandon Streeter\brandon-streeter-1,Clemson,ACC,11,150,282,53.2,1948,6.9,5.6,13,14,116.5,44,-10,-0.2,1
60,Rob Peters\rob-peters-1,Texas Tech,Big 12,9,96,183,52.5,1269,6.9,6.9,9,4,122.6,105,125,1.2,3
61,Brian Kuklick\brian-kuklick-1,Wake Forest,ACC,11,216,396,54.5,2683,6.8,5.6,14,17,114.5,78,-109,-1.4,3
62,Gavin Hoffman\gavin-hoffman-1,Northwestern,Big Ten,12,176,323,54.5,2199,6.8,5.7,13,14,116.3,68,-155,-2.3,2
63,Matt Lytle\matt-lytle-1,Pitt,Big East,11,159,306,52.0,2092,6.8,5.8,16,14,117.5,116,120,1.0,3
64,Ty Houghtaling\ty-houghtaling-1,New Mexico State,Big West,11,130,267,48.7,1820,6.8,6.3,20,12,121.7,91,313,3.4,1
65,Chris Kasteler\chris-kasteler-1,San Jose State,WAC,10,115,221,52.0,1505,6.8,6.5,12,7,120.8,47,43,0.9,0
66,Jermaine Alfred\jermaine-alfred-1,Baylor,Big 12,10,97,188,51.6,1268,6.7,5.3,2,7,104.3,33,-63,-1.9,0
67,Oscar Davenport\oscar-davenport-1,North Carolina,ACC,9,100,182,54.9,1208,6.6,6.8,8,3,121.9,27,-63,-2.3,0
68,James Washington\james-washington-2,Akron,MAC,11,148,300,49.3,1958,6.5,6.0,8,7,108.3,86,114,1.3,2
69,Jose Davis\jose-davis-1,Kent State,MAC,10,178,320,55.6,2046,6.4,5.6,9,10,112.4,84,62,0.7,4
70,Bart Hendricks\bart-hendricks-1,Boise State,Big West,10,150,279,53.8,1799,6.4,6.4,13,6,119.0,87,221,2.5,2
71,Antwaan Randle El\antwaan-randle-el-1,Indiana,Big Ten,11,127,273,46.5,1745,6.4,5.0,6,11,99.4,227,873,3.8,10
72,John Rayborn\john-rayborn-1,UTEP,WAC,11,139,258,53.9,1641,6.4,6.2,12,6,118.0,42,58,1.4,3
73,Billy Cockerham\billy-cockerham-1,Minnesota,Big Ten,11,92,180,51.1,1150,6.4,4.6,11,12,111.6,127,311,2.4,2
74,Jason McKinley\jason-mckinley-1,Houston,CUSA,11,218,386,56.5,2437,6.3,5.7,18,13,118.2,23,-117,-5.1,0
75,Brian Russell\brian-russell-1,San Diego State,WAC,11,123,230,53.5,1438,6.3,5.6,8,7,111.4,80,176,2.2,5
76,Chris Wallace\chris-wallace-1,Toledo,MAC,12,219,400,54.8,2476,6.2,6.1,17,8,116.8,93,-53,-0.6,4
77,Todd Bandhauer\todd-bandhauer-1,Iowa State,Big 12,11,179,355,50.4,2206,6.2,4.5,14,20,104.4,28,-29,-1.0,3
78,Pete Shepherd\pete-shepherd-1,Central Michigan,MAC,11,152,324,46.9,2005,6.2,4.9,4,11,96.2,52,46,0.9,2
79,Gabe Gross\gabe-gross-1,Auburn,SEC,9,88,197,44.7,1222,6.2,4.2,7,12,96.3,70,97,1.4,2
80,Dan Robinson\dan-robinson-1,Hawaii,WAC,12,163,354,46.0,2155,6.1,5.2,11,12,100.7,84,-27,-0.3,2
81,Brock Huard\brock-huard-1,Washington,Pac-10,9,168,315,53.3,1924,6.1,5.3,15,12,112.7,44,31,0.7,0
82,Justin Vedder\justin-vedder-1,California,Pac-10,11,210,386,54.4,2322,6.0,5.1,11,13,107.6,100,-200,-2.0,0
83,Bobby Campbell\bobby-campbell-1,Duke,ACC,11,101,206,49.0,1199,5.8,4.7,6,8,99.8,38,61,1.6,2
84,Chris Sanders\chris-sanders-4,SMU,WAC,10,99,181,54.7,1050,5.8,4.7,6,7,106.6,39,-96,-2.5,0
85,Clay Walters\clay-walters-1,Ball State,MAC,9,88,172,51.2,969,5.6,4.3,4,7,98.0,50,35,0.7,1