,,,,,Passing,Passing,Passing,Passing,Passing,Passing,Passing,Passing,Passing,Rushing,Rushing,Rushing,Rushing
Rk,Player,School,Conf,G,Cmp,Att,Pct,Yds,Y/A,AY/A,TD,Int,Rate,Att,Yds,Avg,TD
1,Stefan Lefors*\stefan-lefors-1,Louisville,CUSA,12,189,257,73.5,2596,10.1,11.1,20,3,181.7,71,333,4.7,3
2,Jason Campbell*\jason-campbell-1,Auburn,SEC,13,188,270,69.6,2700,10.0,10.3,20,7,172.9,58,30,0.5,3
3,Alex Smith*\alex-smith-3,Utah,MWC,12,214,317,67.5,2952,9.3,10.8,32,4,176.5,135,631,4.7,10
4,Jared Zabransky*\jared-zabransky-1,Boise State,WAC,12,206,327,63.0,2927,9.0,8.3,16,12,147.0,130,326,2.5,13
5,Bruce Gradkowski*\bruce-gradkowski-1,Toledo,MAC,13,280,399,70.2,3518,8.8,9.3,27,8,162.6,91,191,2.1,9
6,Jared Allen\jared-allen-1,Florida Atlantic,Sun Belt,12,177,291,60.8,2554,8.8,8.4,13,8,143.8,63,-13,-0.2,2
7,Omar Jacobs*\omar-jacobs-1,Bowling Green State,MAC,12,309,462,66.9,4002,8.7,10.0,41,4,167.2,95,300,3.2,4
8,Donovan Woods*\donovan-woods-1,Oklahoma State,Big 12,12,97,187,51.9,1628,8.7,8.9,13,5,142.6,123,436,3.5,10
9,Darrell Hackney*\darrell-hackney-1,UAB,CUSA,12,197,358,55.0,3070,8.6,9.0,26,8,146.6,81,-44,-0.5,2
10,David Greene*\david-greene-1,Georgia,SEC,12,175,299,58.5,2508,8.4,9.1,20,4,148.4,23,-67,-2.9,1
11,Jason White*\jason-white-1,Oklahoma,Big 12,13,255,390,65.4,3205,8.2,9.0,35,9,159.4,23,-56,-2.4,0
12,Matt Leinart*\matt-leinart-1,USC,Pac-10,13,269,412,65.3,3322,8.1,9.0,33,6,156.5,49,-44,-0.9,3
13,Reggie McNeal*\reggie-mcneal-1,Texas A&M,Big 12,12,200,344,58.1,2791,8.1,8.4,14,4,137.4,151,718,4.8,8
14,Aaron Rodgers*\aaron-rodgers-1,California,Pac-10,12,209,316,66.1,2566,8.1,8.5,24,8,154.3,74,126,1.7,3
15,Lester Ricard\lester-ricard-1,Tulane,CUSA,9,143,231,61.9,1881,8.1,8.2,21,9,152.5,36,14,0.4,0
16,Chris Leak*\chris-leak-1,Florida,SEC,12,238,399,59.6,3197,8.0,8.1,29,12,144.9,61,79,1.3,2
17,Bryan Cupito*\bryan-cupito-1,Minnesota,Big Ten,12,123,261,47.1,2097,8.0,7.9,14,7,127.0,29,42,1.4,0
18,Josh Betts*\josh-betts-1,Miami (OH),MAC,13,267,442,60.4,3495,7.9,7.5,23,14,137.7,83,86,1.0,3
19,Kyle Orton*\kyle-orton-1,Purdue,Big Ten,11,236,389,60.7,3090,7.9,9.0,31,5,151.1,80,112,1.4,3
20,Buck Pierce\buck-pierce-1,New Mexico State,Sun Belt,11,191,285,67.0,2253,7.9,8.2,16,5,148.4,71,130,1.8,2
21,Matt Jones\matt-jones-1,Arkansas,SEC,11,151,264,57.2,2073,7.9,6.9,15,12,132.8,83,622,7.5,6
22,Brandon Hassell\brandon-hassell-1,Texas Christian,CUSA,10,123,217,56.7,1724,7.9,8.2,10,3,135.9,63,106,1.7,4
23,Kevin Kolb\kevin-kolb-1,Houston,CUSA,11,198,353,56.1,2766,7.8,7.7,11,6,128.8,118,51,0.4,5
24,Marques Hagans*\marques-hagans-1,Virginia,ACC,12,164,261,62.8,2024,7.8,7.6,9,5,135.5,77,394,5.1,4
25,Jordan Palmer*\jordan-palmer-1,UTEP,WAC,12,213,366,58.2,2818,7.7,6.9,26,18,136.5,46,-17,-0.4,1
26,Brock Berlin*\brock-berlin-1,Miami (FL),ACC,12,195,348,56.0,2680,7.7,8.2,22,6,138.1,42,-53,-1.3,0
27,Gino Guidugli*\gino-guidugli-1,Cincinnati,CUSA,11,210,342,61.4,2633,7.7,8.2,26,8,146.5,43,90,2.1,1
28,Jay Cutler\jay-cutler-1,Vanderbilt,SEC,11,147,241,61.0,1844,7.7,7.5,10,5,134.8,109,349,3.2,6
29,Scott Hall*\scott-hall-1,North Texas,Sun Belt,12,134,237,56.5,1818,7.7,8.1,14,4,137.1,61,11,0.2,1
30,Dale Rogers\dale-rogers-1,San Jose State,WAC,11,96,181,53.0,1389,7.7,7.0,12,8,130.5,82,124,1.5,6
31,Charlie Frye\charlie-frye-1,Akron,MAC,11,220,346,63.6,2623,7.6,7.6,18,8,139.8,100,-6,-0.1,2
32,Tyler Palko*\tyler-palko-1,Pitt,Big East,12,230,409,56.2,3067,7.5,7.9,24,7,135.2,129,139,1.1,3
33,Clint Marks\clint-marks-1,Middle Tennessee State,Sun Belt,11,259,368,70.4,2749,7.5,6.5,14,14,138.1,73,113,1.5,1
34,Drew Olson*\drew-olson-1,UCLA,Pac-10,12,196,341,57.5,2565,7.5,7.0,20,13,132.4,53,106,2.0,0
35,John Beck\john-beck-1,Brigham Young,MWC,11,192,343,56.0,2563,7.5,7.3,15,8,128.5,90,-36,-0.4,0
36,Darian Durant*\darian-durant-1,North Carolina,ACC,12,178,299,59.5,2238,7.5,7.3,17,9,135.1,81,188,2.3,1
37,Matt Kubik\matt-kubik-1,Louisiana Tech,WAC,12,123,242,50.8,1818,7.5,6.5,10,10,119.3,66,162,2.5,2
38,Steven Moffett\steven-moffett-1,UCF,MAC,10,147,229,64.2,1721,7.5,6.3,9,10,131.6,107,6,0.1,2
39,Sonny Cumbie*\sonny-cumbie-1,Texas Tech,Big 12,12,421,642,65.6,4742,7.4,7.1,32,18,138.5,52,-167,-3.2,2
40,Andrew Walter*\andrew-walter-1,Arizona State,Pac-10,11,244,426,57.3,3150,7.4,7.9,30,9,138.4,58,-112,-1.9,0
41,Drew Tate*\drew-tate-1,Iowa,Big Ten,12,233,375,62.1,2786,7.4,6.8,20,14,134.7,89,-76,-0.9,2
42,Bryan Randall*\bryan-randall-1,Virginia Tech,ACC,13,170,306,55.6,2264,7.4,7.4,21,9,134.5,136,511,3.8,3
43,Vince Young*\vince-young-1,Texas,Big 12,12,148,250,59.2,1849,7.4,6.4,12,11,128.4,167,1079,6.5,14
44,Dan Orlovsky*\dan-orlovsky-1,Connecticut,Big East,12,288,457,63.0,3354,7.3,6.9,23,15,134.7,32,-41,-1.3,0
45,Danny Wimprine*\danny-wimprine-1,Memphis,CUSA,12,225,398,56.5,2892,7.3,6.8,22,14,128.8,57,112,2.0,2
46,Paul Peterson*\paul-peterson-1,Boston College,Big East,11,221,355,62.3,2594,7.3,7.1,18,10,134.7,68,63,0.9,1
47,Brady Quinn*\brady-quinn-1,Notre Dame,Ind,12,191,353,54.1,2586,7.3,7.0,17,10,125.9,54,-4,-0.1,3
48,Drew Stanton\drew-stanton-1,Michigan State,Big Ten,10,141,220,64.1,1601,7.3,6.8,8,6,131.8,96,687,7.2,5
49,Corey Bramlet*\corey-bramlet-1,Wyoming,MWC,12,195,334,58.4,2409,7.2,6.2,12,13,123.0,124,209,1.7,4
50,Paul Pinegar*\paul-pinegar-1,Fresno State,WAC,12,173,292,59.2,2099,7.2,6.5,23,15,135.3,46,99,2.2,3
51,Matt LoVecchio\matt-lovecchio-2,Indiana,Big Ten,11,153,271,56.5,1951,7.2,7.0,13,7,127.6,93,112,1.2,2
52,Timmy Chang*\timmy-chang-1,Hawaii,WAC,13,358,602,59.5,4258,7.1,7.4,38,13,135.4,37,15,0.4,2
53,Derek Anderson*\derek-anderson-1,Oregon State,Pac-10,12,279,515,54.2,3615,7.0,6.7,29,17,125.1,75,-152,-2.0,2
54,Ryan Hart\ryan-hart-1,Rutgers,Big East,11,295,453,65.1,3154,7.0,5.8,17,19,127.6,46,-93,-2.0,1
55,Ethan Flatt\ethan-flatt-1,Ole Miss,SEC,10,123,220,55.9,1530,7.0,5.5,6,10,114.2,22,-60,-2.7,0
56,Chad Henne*\chad-henne-1,Michigan,Big Ten,12,240,399,60.2,2743,6.9,6.8,25,12,132.6,55,-137,-2.5,2
57,Kent Smith\kent-smith-1,Central Michigan,MAC,11,188,333,56.5,2284,6.9,6.7,16,8,125.1,112,351,3.1,10
58,Dustin Almond*\dustin-almond-1,Southern Mississippi,CUSA,10,138,269,51.3,1848,6.9,6.8,12,6,119.3,58,61,1.1,5
59,Tony Eckert\tony-eckert-1,SMU,WAC,11,111,203,54.7,1406,6.9,4.6,6,13,109.8,28,-107,-3.8,1
60,Kellen Clemens\kellen-clemens-1,Oregon,Pac-10,11,223,372,59.9,2548,6.8,6.8,22,10,131.6,118,190,1.6,4
61,Joel Statham\joel-statham-1,Maryland,ACC,10,126,234,53.8,1590,6.8,4.6,8,15,109.4,62,87,1.4,1
62,Jeff Rowe\jeff-rowe-1,Nevada,WAC,12,230,394,58.4,2633,6.7,6.1,15,12,121.0,77,129,1.7,3
63,James Kilian\james-kilian-1,Tulsa,WAC,12,184,337,54.6,2247,6.7,5.3,13,16,113.8,150,282,1.9,8
64,Nick Noce\nick-noce-1,Arkansas State,Sun Belt,11,164,315,52.1,2115,6.7,5.3,13,16,111.9,88,249,2.8,3
65,Jay Davis\jay-davis-1,North Carolina State,ACC,11,175,313,55.9,2104,6.7,5.3,12,15,115.4,43,-119,-2.8,1
66,Alex Brink\alex-brink-1,Washington State,Pac-10,11,97,194,50.0,1305,6.7,6.3,7,5,113.3,49,-50,-1.0,1
67,Joshua Cribbs\joshua-cribbs-1,Kent State,MAC,10,216,335,64.5,2215,6.6,6.8,17,6,133.2,170,893,5.3,9
68,Walter Washington\walter-washington-1,Temple,Big East,11,187,332,56.3,2207,6.6,6.4,10,6,118.5,222,889,4.0,15
69,Bret Meyer*\bret-meyer-1,Iowa State,Big 12,12,149,290,51.4,1926,6.6,6.4,10,6,114.4,144,331,2.3,2
70,Wyatt Sexton*\wyatt-sexton-1,Florida State,ACC,10,139,252,55.2,1661,6.6,5.8,8,8,114.7,41,-94,-2.3,0
71,Matt Bohnet\matt-bohnet-1,Eastern Michigan,MAC,11,228,434,52.5,2807,6.5,6.2,21,12,117.3,100,424,4.2,0
72,Joel Klatt*\joel-klatt-1,Colorado,Big 12,13,216,367,58.9,2398,6.5,5.3,11,15,115.5,46,-58,-1.3,2
73,Michael Harrington\michael-harrington-1,Idaho,Sun Belt,12,225,342,65.8,2222,6.5,5.8,12,11,125.5,60,-133,-2.2,1
74,James Pinkney\james-pinkney-1,East Carolina,CUSA,11,190,339,56.0,2195,6.5,5.5,18,15,119.1,66,-2,0.0,0
75,Reggie Ball*\reggie-ball-1,Georgia Tech,ACC,12,164,330,49.7,2147,6.5,5.0,16,18,109.4,130,332,2.6,2
76,Joe Dailey\joe-dailey-2,Nebraska,Big 12,11,153,310,49.4,2025,6.5,4.9,17,19,110.1,53,55,1.0,4
77,Dylan Meier\dylan-meier-1,Kansas State,Big 12,10,127,220,57.7,1436,6.5,6.3,9,5,121.5,81,232,2.9,6
78,Perry Patterson*\perry-patterson-1,Syracuse,Big East,12,168,289,58.1,1851,6.4,5.3,7,10,113.0,72,143,2.0,3
79,Zack Mills\zack-mills-1,Penn State,Big Ten,10,155,268,57.8,1722,6.4,5.1,9,12,113.9,51,72,1.4,4
80,Pat Julmiste\pat-julmiste-1,South Florida,CUSA,11,118,247,47.8,1570,6.4,5.5,7,8,104.0,96,193,2.0,9
81,Steven Jyles\steven-jyles-1,Louisiana-Monroe,Sun Belt,11,204,366,55.7,2322,6.3,5.5,12,12,113.3,150,587,3.9,8
82,Trent Edwards\trent-edwards-1,Stanford,Pac-10,9,148,271,54.6,1718,6.3,5.2,9,11,110.7,58,32,0.6,1
83,Brett Basanez\brett-basanez-1,Northwestern,Big Ten,12,247,460,53.7,2838,6.2,5.8,12,9,110.2,83,258,3.1,5
84,John Stocco*\john-stocco-1,Wisconsin,Big Ten,12,169,321,52.6,1999,6.2,5.8,9,7,109.8,56,-20,-0.4,4
85,Travis Cox\travis-cox-1,Utah State,Sun Belt,11,179,306,58.5,1908,6.2,4.5,10,16,111.2,114,63,0.6,2
86,Jerry Babb\jerry-babb-1,Louisiana,Sun Belt,11,223,385,57.9,2345,6.1,5.2,12,13,112.6,101,498,4.9,4
87,Kole McKamey*\kole-mckamey-1,New Mexico,MWC,11,103,210,49.0,1272,6.1,4.7,6,9,100.8,128,416,3.3,6
88,Stan Hill*\stan-hill-1,Marshall,MAC,12,233,397,58.7,2387,6.0,5.3,18,14,117.1,59,-91,-1.5,0
89,Ryan Hawk\ryan-hawk-2,Ohio,MAC,11,137,262,52.3,1585,6.0,5.8,10,6,111.1,91,-16,-0.2,2
90,Ryan Hawk\ryan-hawk-1,Ohio,MAC,11,137,262,52.3,1585,6.0,5.8,10,6,111.1,91,-16,-0.2,2
91,Mike Schneider\mike-schneider-1,Duke,ACC,11,150,253,59.3,1527,6.0,5.4,8,7,114.9,72,-59,-0.8,2
92,Brad Smith\brad-smith-1,Missouri,Big 12,11,191,369,51.8,2185,5.9,5.5,17,11,110.7,165,553,3.4,4
93,Charlie Whitehurst\charlie-whitehurst-1,Clemson,ACC,11,177,349,50.7,2067,5.9,4.1,7,17,97.3,81,43,0.5,1
94,Omarr Conner\omarr-conner-1,Mississippi State,SEC,9,107,206,51.9,1224,5.9,5.0,6,7,104.7,67,115,1.7,1
95,Kevin O'Connell\kevin-oconnell-2,San Diego State,MWC,9,115,236,48.7,1328,5.6,4.7,9,9,101.0,73,347,4.8,1
96,Casey Paus\casey-paus-1,Washington,Pac-10,11,116,274,42.3,1476,5.4,3.0,5,17,81.2,38,-63,-1.7,0
97,Shane Steichen\shane-steichen-1,UNLV,MWC,9,92,187,49.2,1011,5.4,3.7,7,10,96.3,20,2,0.1,2
98,Shane Boyd\shane-boyd-1,Kentucky,SEC,10,138,263,52.5,1328,5.0,4.0,7,9,96.8,102,297,2.9,5