,,,,,Passing,Passing,Passing,Passing,Passing,Passing,Passing,Passing,Passing,Rushing,Rushing,Rushing,Rushing
Rk,Player,School,Conf,G,Cmp,Att,Pct,Yds,Y/A,AY/A,TD,Int,Rate,Att,Yds,Avg,TD
1,David Johnson*\david-johnson-3,Tulsa,CUSA,14,258,400,64.5,4059,10.1,10.4,46,18,178.7,92,186,2.0,3
2,Sam Bradford*\sam-bradford-1,Oklahoma,Big 12,14,328,483,67.9,4720,9.8,11.1,50,8,180.8,42,47,1.1,5
3,Zac Robinson*\zac-robinson-1,Oklahoma State,Big 12,13,204,314,65.0,3064,9.8,9.9,25,10,166.8,146,562,3.8,8
4,Tim Tebow*\tim-tebow-1,Florida,SEC,14,192,298,64.4,2746,9.2,10.6,30,4,172.4,176,673,3.8,12
5,Nate Davis*\nate-davis-1,Ball State,MAC,14,258,401,64.3,3591,9.0,9.4,26,8,157.0,66,312,4.7,5
6,Matthew Stafford*\matthew-stafford-1,Georgia,SEC,13,235,383,61.4,3459,9.0,9.2,25,10,153.5,55,40,0.7,1
7,Colt McCoy*\colt-mccoy-1,Texas,Big 12,13,332,433,76.7,3859,8.9,9.7,34,8,173.8,136,561,4.1,11
8,Mark Sanchez*\mark-sanchez-1,USC,Pac-10,13,241,366,65.8,3207,8.8,9.4,34,10,164.6,52,16,0.3,3
9,Kellen Moore*\kellen-moore-1,Boise State,WAC,13,281,405,69.4,3486,8.6,8.7,25,10,157.1,38,-30,-0.8,1
10,Mike Teel*\mike-teel-1,Rutgers,Big East,13,243,396,61.4,3418,8.6,8.4,25,13,148.1,24,-73,-3.0,2
11,Case Keenum*\case-keenum-1,Houston,CUSA,13,397,589,67.4,5020,8.5,9.2,44,11,159.9,76,221,2.9,7
12,Joe Ganz*\joe-ganz-1,Nebraska,Big 12,13,285,420,67.9,3568,8.5,8.5,25,11,153.6,92,258,2.8,5
13,Chase Clement*\chase-clement-2,Rice,CUSA,13,326,490,66.5,4119,8.4,9.6,44,7,163.9,154,693,4.5,12
14,Jevan Snead*\jevan-snead-1,Ole Miss,SEC,13,184,327,56.3,2762,8.4,8.2,26,13,145.5,57,60,1.1,3
15,Max Hall*\max-hall-1,Brigham Young,MWC,13,330,477,69.2,3957,8.3,8.4,35,14,157.2,65,115,1.8,4
16,Juice Williams\juice-williams-1,Illinois,Big Ten,12,219,381,57.5,3173,8.3,7.6,22,16,138.1,175,719,4.1,5
17,Adam Dimichele\adam-dimichele-1,Temple,MAC,9,134,231,58.0,1911,8.3,8.7,18,6,148.0,61,91,1.5,3
18,Graham Harrell*\graham-harrell-1,Texas Tech,Big 12,13,442,626,70.6,5111,8.2,9.0,45,9,160.0,41,-15,-0.4,6
19,Chase Daniel*\chase-daniel-1,Missouri,Big 12,14,385,528,72.9,4335,8.2,8.2,39,18,159.4,69,281,4.1,1
20,Daryll Clark*\daryll-clark-1,Penn State,Big Ten,13,192,321,59.8,2592,8.1,8.4,19,6,143.4,79,282,3.6,10
21,Todd Reesing*\todd-reesing-1,Kansas,Big 12,13,329,495,66.5,3888,7.9,8.0,32,13,148.5,126,224,1.8,4
22,Trevor Vittatoe\trevor-vittatoe-1,UTEP,CUSA,12,246,418,58.9,3274,7.8,8.4,33,9,146.4,45,-31,-0.7,1
23,Robert Griffin III\robert-griffin-iii-1,Baylor,Big 12,12,160,267,59.9,2091,7.8,8.4,15,3,142.0,173,843,4.9,13
24,Willie Tuitama*\willie-tuitama-1,Arizona,Pac-10,13,259,399,64.9,3088,7.7,8.0,23,8,144.9,49,-120,-2.4,2
25,Josh Freeman\josh-freeman-1,Kansas State,Big 12,12,224,382,58.6,2945,7.7,7.8,20,8,136.5,107,404,3.8,14
26,Billy Farris*\billy-farris-1,Colorado State,MWC,13,233,379,61.5,2934,7.7,7.2,19,13,136.2,46,-34,-0.7,0
27,Matt Grothe*\matt-grothe-1,South Florida,Big East,13,240,380,63.2,2911,7.7,7.0,18,14,135.8,146,591,4.0,4
28,Boo Jackson\boo-jackson-1,Ohio,MAC,12,185,306,60.5,2355,7.7,7.2,19,12,137.8,100,333,3.3,2
29,Corey Leonard\corey-leonard-1,Arkansas State,Sun Belt,12,166,306,54.2,2347,7.7,7.5,16,8,130.7,157,516,3.3,4
30,Ricky Stanzi*\ricky-stanzi-1,Iowa,Big Ten,13,150,254,59.1,1956,7.7,7.2,14,9,134.8,56,20,0.4,0
31,Michael Desormeaux\michael-desormeaux-1,Louisiana,Sun Belt,11,155,247,62.8,1876,7.6,6.6,13,11,135.0,144,1035,7.2,5
32,Brian Johnson*\brian-johnson-2,Utah,MWC,13,268,394,68.0,2972,7.5,7.9,27,9,149.4,108,128,1.2,1
33,Jerrod Johnson\jerrod-johnson-1,Texas A&M,Big 12,12,194,326,59.5,2435,7.5,7.4,21,10,137.4,94,114,1.2,3
34,Chase Holbrook\chase-holbrook-1,New Mexico State,WAC,12,309,457,67.6,3361,7.4,7.1,25,14,141.3,81,-196,-2.4,2
35,Rusty Smith\rusty-smith-1,Florida Atlantic,Sun Belt,13,234,435,53.8,3224,7.4,7.1,24,14,127.8,37,-82,-2.2,2
36,Colin Kaepernick*\colin-kaepernick-1,Nevada,WAC,13,208,383,54.3,2849,7.4,7.8,22,7,132.1,161,1130,7.0,17
37,Dan Lefevour*\dan-lefevour-1,Central Michigan,MAC,11,251,376,66.8,2784,7.4,7.8,21,6,144.2,168,592,3.5,6
38,Patrick Pinkney*\patrick-pinkney-1,East Carolina,CUSA,14,223,363,61.4,2675,7.4,7.2,13,7,131.3,90,50,0.6,1
39,Tony Pike*\tony-pike-1,Cincinnati,Big East,12,199,324,61.4,2407,7.4,7.1,19,11,136.4,56,47,0.8,1
40,Paul McCall\paul-mccall-1,Florida International,Sun Belt,12,167,317,52.7,2332,7.4,7.0,15,9,124.4,88,126,1.4,1
41,Joe Craddock\joe-craddock-1,Middle Tennessee State,Sun Belt,12,237,367,64.6,2677,7.3,7.3,15,7,135.5,83,118,1.4,0
42,Andy Dalton*\andy-dalton-1,Texas Christian,MWC,11,182,307,59.3,2242,7.3,7.3,11,5,129.2,113,432,3.8,8
43,Omar Clayton\omar-clayton-1,UNLV,MWC,9,152,258,58.9,1894,7.3,8.0,18,4,140.5,67,163,2.4,1
44,Jeremiah Masoli*\jeremiah-masoli-1,Oregon,Pac-10,12,136,239,56.9,1744,7.3,7.4,13,5,132.0,127,718,5.7,10
45,Jimmy Clausen*\jimmy-clausen-1,Notre Dame,Ind,13,268,440,60.9,3172,7.2,6.6,25,17,132.5,54,-73,-1.4,0
46,Tom Brandstater*\tom-brandstater-1,Fresno State,WAC,13,221,371,59.6,2664,7.2,6.7,18,12,129.4,51,-50,-1.0,4
47,Cullen Harper*\cullen-harper-1,Clemson,ACC,13,221,360,61.4,2601,7.2,6.2,13,14,126.2,54,-140,-2.6,2
48,Casey Dick\casey-dick-1,Arkansas,SEC,11,205,357,57.4,2586,7.2,6.2,13,14,122.4,72,-51,-0.7,3
49,Chandler Harnish*\chandler-harnish-1,Northern Illinois,MAC,10,118,211,55.9,1528,7.2,6.1,8,9,120.7,118,539,4.6,4
50,Tim Hiller*\tim-hiller-1,Western Michigan,MAC,13,339,522,64.9,3725,7.1,7.7,36,10,143.8,38,2,0.1,1
51,Drew Willy*\drew-willy-1,Buffalo,MAC,14,304,468,65.0,3304,7.1,7.6,25,6,139.3,65,-115,-1.8,4
52,Rudy Carpenter\rudy-carpenter-1,Arizona State,Pac-10,12,213,351,60.7,2493,7.1,6.9,16,9,130.3,52,-150,-2.9,1
53,Bill Stull*\bill-stull-1,Pitt,Big East,12,188,330,57.0,2356,7.1,6.3,9,10,119.9,35,-136,-3.9,1
54,Russell Wilson*\russell-wilson-1,North Carolina State,ACC,11,150,275,54.5,1955,7.1,8.2,17,1,133.9,116,388,3.3,4
55,Bo Levi Mitchell\bo-levi-mitchell-1,SMU,CUSA,12,236,410,57.6,2865,7.0,5.6,24,23,124.4,51,-140,-2.7,1
56,Austen Arnaud\austen-arnaud-1,Iowa State,Big 12,12,247,401,61.6,2792,7.0,6.6,15,10,127.4,109,401,3.7,5
57,Lyle Moevao*\lyle-moevao-1,Oregon State,Pac-10,11,214,361,59.3,2534,7.0,6.5,19,13,128.4,36,-118,-3.3,2
58,John Parker Wilson*\john-parker-wilson-1,Alabama,SEC,14,187,323,57.9,2273,7.0,6.5,10,8,122.3,72,-6,-0.1,5
59,Jarrett Lee*\jarrett-lee-1,LSU,SEC,11,143,269,53.2,1873,7.0,5.3,14,16,116.9,11,-97,-8.8,0
60,Diondre Borel\diondre-borel-1,Utah State,WAC,12,136,242,56.2,1705,7.0,6.1,11,10,122.1,179,632,3.5,5
61,Austin Davis*\austin-davis-1,Southern Mississippi,CUSA,13,261,454,57.5,3128,6.9,7.1,23,8,128.6,155,508,3.3,9
62,Chris Jacquemain\chris-jacquemain-1,Akron,MAC,12,231,399,57.9,2748,6.9,6.3,20,14,125.3,55,46,0.8,1
63,Brian Hoyer*\brian-hoyer-1,Michigan State,Big Ten,13,180,353,51.0,2404,6.8,6.2,9,9,111.5,43,-94,-2.2,1
64,Arkelon Hall*\arkelon-hall-1,Memphis,CUSA,11,191,335,57.0,2275,6.8,6.6,12,7,121.7,76,200,2.6,3
65,Adam Weber*\adam-weber-1,Minnesota,Big Ten,13,255,410,62.2,2761,6.7,6.6,15,8,126.9,127,233,1.8,4
66,Chris Turner*\chris-turner-1,Maryland,ACC,13,214,374,57.2,2516,6.7,6.1,13,11,119.3,43,-154,-3.6,1
67,Joe Webb\joe-webb-2,UAB,CUSA,12,208,353,58.9,2367,6.7,5.2,10,16,115.5,198,1021,5.2,11
68,Pat White*\pat-white-1,West Virginia,Big East,12,180,274,65.7,1842,6.7,7.1,21,7,142.3,191,974,5.1,8
69,Hunter Cantwell\hunter-cantwell-1,Louisville,Big East,12,221,377,58.6,2493,6.6,5.6,16,16,119.7,39,-115,-2.9,1
70,Kevin Moore\kevin-moore-2,Tulane,CUSA,12,187,334,56.0,2194,6.6,5.3,8,13,111.3,31,-58,-1.9,0
71,Julian Edelman\julian-edelman-1,Kent State,MAC,12,153,275,55.6,1820,6.6,5.8,13,11,118.8,215,1370,6.4,13
72,Tyler Sheehan\tyler-sheehan-1,Bowling Green State,MAC,12,267,400,66.8,2610,6.5,6.5,20,9,133.6,105,237,2.3,7
73,Riley Skinner*\riley-skinner-1,Wake Forest,ACC,13,232,363,63.9,2347,6.5,6.3,13,7,126.2,104,144,1.4,1
74,Kinsmon Lancaster\kinsmon-lancaster-1,Louisiana-Monroe,Sun Belt,12,186,313,59.4,2040,6.5,6.7,18,7,128.7,131,614,4.7,4
75,Chris Smelley*\chris-smelley-1,South Carolina,SEC,12,169,302,56.0,1922,6.4,5.1,14,15,114.8,39,-7,-0.2,0
76,Tavita Pritchard\tavita-pritchard-1,Stanford,Pac-10,12,147,254,57.9,1633,6.4,4.9,10,13,114.6,66,113,1.7,1
77,Andy Schmitt\andy-schmitt-1,Eastern Michigan,MAC,11,261,417,62.6,2644,6.3,6.2,15,8,123.9,57,171,3.0,5
78,Curtis Painter\curtis-painter-1,Purdue,Big Ten,10,227,379,59.9,2400,6.3,5.7,13,11,118.6,44,10,0.2,0
79,Christian Ponder*\christian-ponder-1,Florida State,ACC,13,177,318,55.7,2006,6.3,5.3,14,13,115.0,119,423,3.6,4
80,Ryan Lindley\ryan-lindley-1,San Diego State,MWC,11,242,427,56.7,2653,6.2,6.0,16,9,117.0,31,-62,-2.0,1
81,Levi Brown*\levi-brown-1,Troy,Sun Belt,10,201,326,61.7,2030,6.2,6.7,15,3,127.3,33,17,0.5,0
82,Kyle Reed\kyle-reed-1,San Jose State,WAC,10,162,253,64.0,1563,6.2,5.8,9,6,122.9,87,80,0.9,4
83,Kevin Riley*\kevin-riley-1,California,Pac-10,11,112,221,50.7,1360,6.2,6.2,14,6,117.8,30,-56,-1.9,1
84,Nathan Enderle\nathan-enderle-1,Idaho,WAC,12,184,339,54.3,2077,6.1,5.1,20,17,115.2,76,-22,-0.3,1
85,Robert Marve*\robert-marve-1,Miami (FL),ACC,11,116,213,54.5,1293,6.1,4.2,9,13,107.2,59,119,2.0,2
86,C.J. Bacher*\cj-bacher-1,Northwestern,Big Ten,11,245,408,60.0,2432,6.0,5.1,17,15,116.5,84,230,2.7,3
87,Thaddeus Lewis\thaddeus-lewis-2,Duke,ACC,11,224,361,62.0,2171,6.0,6.1,15,6,123.0,69,96,1.4,2
88,Cody Hawkins\cody-hawkins-1,Colorado,Big 12,12,183,320,57.2,1892,5.9,5.6,17,10,118.1,57,-23,-0.4,3
89,Kellen Lewis\kellen-lewis-1,Indiana,Big Ten,10,110,193,57.0,1131,5.9,4.6,6,8,108.2,93,500,5.4,3
90,Aaron Opelt\aaron-opelt-1,Toledo,MAC,12,225,376,59.8,2176,5.8,5.6,12,7,115.3,42,-44,-1.0,5
91,Marc Verica\marc-verica-1,Virginia,ACC,11,226,354,63.8,2037,5.8,4.2,8,16,110.6,32,-71,-2.2,1
92,Mark Cann\mark-cann-1,Marshall,CUSA,11,154,307,50.2,1767,5.8,4.8,14,13,105.1,35,-40,-1.1,1
93,Tyson Lee\tyson-lee-1,Mississippi State,SEC,11,153,260,58.8,1519,5.8,5.5,7,5,113.0,62,37,0.6,1
94,Daniel Raudabaugh\daniel-raudabaugh-1,Miami (OH),MAC,11,201,343,58.6,1960,5.7,5.0,8,9,109.0,25,-22,-0.9,0
95,Giovanni Vizza\giovanni-vizza-1,North Texas,Sun Belt,12,309,493,62.7,2758,5.6,4.7,15,16,113.2,95,116,1.2,2
96,Kevin Craft\kevin-craft-1,UCLA,Pac-10,12,232,417,55.6,2341,5.6,3.8,7,20,98.7,82,20,0.2,0
97,Kevin Craft\kevin-craft-2,UCLA,Pac-10,12,232,417,55.6,2341,5.6,3.8,7,20,98.7,82,20,0.2,0
98,Chris Crane*\chris-crane-1,Boston College,ACC,11,169,307,55.0,1721,5.6,4.4,10,13,104.4,82,219,2.7,7
99,Brad Gruner\brad-gruner-1,New Mexico,MWC,10,99,184,53.8,1037,5.6,4.5,3,6,100.0,76,331,4.4,3
100,David Wolke\david-wolke-1,Western Kentucky,Sun Belt,11,117,232,50.4,1278,5.5,4.3,8,10,99.5,93,301,3.2,3
101,David Wolke\david-wolke-2,Western Kentucky,Sun Belt,11,117,232,50.4,1278,5.5,4.3,8,10,99.5,93,301,3.2,3
102,Steven Threet\steven-threet-1,Michigan,Big Ten,11,102,200,51.0,1105,5.5,4.9,9,7,105.3,76,201,2.6,2
103,Mike Hartline*\mike-hartline-1,Kentucky,SEC,11,172,311,55.3,1666,5.4,4.8,9,8,104.7,24,-9,-0.4,0
104,Ronnie Fouch\ronnie-fouch-1,Washington,Pac-10,11,113,250,45.2,1339,5.4,3.3,4,13,85.1,44,-105,-2.4,1
105,Cameron Dantley\cameron-dantley-1,Syracuse,Big East,11,121,251,48.2,1298,5.2,5.2,11,5,102.1,41,-56,-1.4,0