,,,,,Passing,Passing,Passing,Passing,Passing,Passing,Passing,Passing,Passing,Rushing,Rushing,Rushing,Rushing
Rk,Player,School,Conf,G,Cmp,Att,Pct,Yds,Y/A,AY/A,TD,Int,Rate,Att,Yds,Avg,TD
1,Jameis Winston*\jameis-winston-1,Florida State,ACC,14,257,384,66.9,4057,10.6,11.5,40,10,184.8,88,219,2.5,4
2,Bryce Petty*\bryce-petty-1,Baylor,Big 12,13,250,403,62.0,4200,10.4,11.7,32,3,174.3,94,209,2.2,14
3,Zach Mettenberger*\zach-mettenberger-1,LSU,SEC,12,192,296,64.9,3082,10.4,10.7,22,8,171.4,34,-133,-3.9,0
4,Johnny Manziel*\johnny-manziel-1,Texas A&M,SEC,13,300,429,69.9,4114,9.6,10.0,37,13,172.9,144,759,5.3,9
5,Marcus Mariota*\marcus-mariota-1,Oregon,Pac-12,13,245,386,63.5,3665,9.5,10.6,31,4,167.7,96,715,7.4,9
6,Jake Waters*\jake-waters-1,Kansas State,Big 12,13,159,260,61.2,2469,9.5,9.3,18,9,156.8,118,312,2.6,6
7,Blake Bortles*\blake-bortles-1,UCF,American,13,259,382,67.8,3581,9.4,9.6,25,9,163.4,87,272,3.1,6
8,Matt Johnson*\matt-johnson-3,Bowling Green State,MAC,14,237,369,64.2,3467,9.4,9.9,25,7,161.7,117,238,2.0,5
9,Teddy Bridgewater*\teddy-bridgewater-1,Louisville,American,13,303,427,71.0,3970,9.3,10.3,31,4,171.1,63,78,1.2,1
10,Tajh Boyd*\tajh-boyd-1,Clemson,ACC,13,283,413,68.5,3851,9.3,9.8,34,11,168.7,154,400,2.6,10
11,A.J. McCarron*\aj-mccarron-1,Alabama,SEC,13,226,336,67.3,3063,9.1,9.8,28,7,167.2,34,-22,-0.6,0
12,Terrance Broadway*\terrance-broadway-2,Louisiana,Sun Belt,12,166,266,62.4,2419,9.1,8.5,19,12,153.3,131,442,3.4,8
13,Aaron Murray*\aaron-murray-1,Georgia,SEC,11,225,347,64.8,3075,8.9,9.2,26,9,158.8,53,186,3.5,7
14,Kevin Hogan*\kevin-hogan-2,Stanford,Pac-12,14,180,295,61.0,2630,8.9,8.7,20,10,151.5,84,355,4.2,2
15,Stephen Morris*\stephen-morris-1,Miami (FL),ACC,13,198,344,57.6,3028,8.8,8.5,21,12,144.7,28,-88,-3.1,0
16,David Fales\david-fales-1,San Jose State,MWC,12,312,487,64.1,4189,8.6,8.8,33,13,153.3,48,7,0.1,2
17,Devin Gardner*\devin-gardner-1,Michigan,Big Ten,12,208,345,60.3,2960,8.6,8.4,21,11,146.1,165,483,2.9,11
18,Connor Shaw*\connor-shaw-1,South Carolina,SEC,13,180,284,63.4,2447,8.6,10.1,24,1,162.9,154,558,3.6,6
19,Brendon Kay*\brendon-kay-1,Cincinnati,American,13,262,395,66.3,3302,8.4,8.1,22,12,148.9,72,137,1.9,6
20,Keith Price*\keith-price-1,Washington,Pac-12,12,233,352,66.2,2966,8.4,8.9,21,6,153.3,82,108,1.3,5
21,Keith Wenning*\keith-wenning-1,Ball State,MAC,13,319,498,64.1,4148,8.3,9.1,35,7,154.4,45,44,1.0,5
22,Brett Hundley*\brett-hundley-1,UCLA,Pac-12,13,248,371,66.8,3071,8.3,8.5,24,9,152.9,160,748,4.7,11
23,P.J. Walker\pj-walker-1,Temple,American,9,152,250,60.8,2084,8.3,8.5,20,8,150.8,90,332,3.7,3
24,Nick Marshall*\nick-marshall-2,Auburn,SEC,13,142,239,59.4,1976,8.3,8.3,14,6,143.2,172,1068,6.2,12
25,Cody Kessler*\cody-kessler-1,USC,Pac-12,14,236,361,65.4,2968,8.2,8.5,20,7,148.8,42,-124,-3.0,1
26,Braxton Miller*\braxton-miller-1,Ohio State,Big Ten,12,162,255,63.5,2094,8.2,8.9,24,7,158.1,171,1068,6.2,12
27,Ross Metheny\ross-metheny-1,South Alabama,Sun Belt,12,201,324,62.0,2622,8.1,8.0,15,7,141.0,132,604,4.6,10
28,Austyn Carta-Samuels*\austyn-carta-samuels-1,Vanderbilt,SEC,10,193,281,68.7,2268,8.1,7.4,11,9,143.0,75,115,1.5,5
29,C.J. Brown*\cj-brown-1,Maryland,ACC,11,166,282,58.9,2242,8.0,7.8,13,7,135.9,140,576,4.1,12
30,Tommy Rees*\tommy-rees-1,Notre Dame,Ind,13,224,414,54.1,3257,7.9,7.8,27,13,135.4,11,-56,-5.1,0
31,Sean Schroeder\sean-schroeder-1,Hawaii,MWC,11,233,376,62.0,2960,7.9,7.7,28,14,145.2,53,-51,-1.0,2
32,Rakeem Cato*\rakeem-cato-1,Marshall,CUSA,14,298,499,59.7,3916,7.8,8.6,39,9,147.8,99,294,3.0,6
33,Nate Sudfeld\nate-sudfeld-1,Indiana,Big Ten,12,194,322,60.2,2523,7.8,7.9,21,9,142.0,38,-34,-0.9,1
34,Marquise Williams*\marquise-williams-1,North Carolina,ACC,11,126,217,58.1,1698,7.8,8.0,15,6,141.1,111,536,4.8,6
35,Derek Carr*\derek-carr-1,Fresno State,MWC,13,454,659,68.9,5083,7.7,8.7,50,8,156.3,40,117,2.9,2
36,Sean Mannion*\sean-mannion-1,Oregon State,Pac-12,13,400,603,66.3,4662,7.7,7.8,37,15,146.6,34,-223,-6.6,0
37,Garrett Grayson*\garrett-grayson-1,Colorado State,MWC,14,297,478,62.1,3696,7.7,7.7,23,11,138.4,69,119,1.7,2
38,Bo Wallace*\bo-wallace-1,Ole Miss,SEC,13,283,437,64.8,3346,7.7,7.5,18,10,138.1,131,355,2.7,6
39,Quinn Kaehler*\quinn-kaehler-1,San Diego State,MWC,12,232,389,59.6,3007,7.7,7.7,19,9,136.1,49,-109,-2.2,1
40,Tyler Tettleton*\tyler-tettleton-1,Ohio,MAC,13,230,371,62.0,2851,7.7,7.4,21,12,138.8,43,24,0.6,0
41,Travis Wilson\travis-wilson-4,Utah,Pac-12,9,133,237,56.1,1827,7.7,6.0,16,16,129.6,81,386,4.8,5
42,Nathan Scheelhaase\nathan-scheelhaase-1,Illinois,Big Ten,12,287,430,66.7,3272,7.6,7.2,21,13,140.7,113,271,2.4,4
43,Corey Robinson\corey-robinson-1,Troy,Sun Belt,12,285,421,67.7,3219,7.6,7.6,20,9,143.3,35,-111,-3.2,1
44,Tom Savage*\tom-savage-1,Pitt,ACC,13,238,389,61.2,2958,7.6,7.6,21,9,138.2,76,-208,-2.7,3
45,Brandon Doughty\brandon-doughty-1,Western Kentucky,Sun Belt,12,246,374,65.8,2857,7.6,6.7,14,14,134.8,34,-109,-3.2,0
46,Chase Rettig*\chase-rettig-1,Boston College,ACC,13,162,263,61.6,1995,7.6,7.5,17,8,140.6,60,71,1.2,1
47,Shane Carden*\shane-carden-1,East Carolina,CUSA,13,387,549,70.5,4139,7.5,7.9,33,10,150.0,90,103,1.1,10
48,Taylor Kelly*\taylor-kelly-1,Arizona State,Pac-12,14,302,484,62.4,3635,7.5,7.6,28,12,139.6,173,608,3.5,9
49,Christian Hackenberg\christian-hackenberg-1,Penn State,Big Ten,12,231,392,58.9,2955,7.5,7.4,20,10,134.0,49,-68,-1.4,4
50,Davis Webb*\davis-webb-1,Texas Tech,Big 12,10,226,361,62.6,2718,7.5,7.5,20,9,139.1,25,-12,-0.5,0
51,Cody Fajardo\cody-fajardo-1,Nevada,MWC,10,243,358,67.9,2668,7.5,7.8,13,3,140.8,141,621,4.4,8
52,Adam Kennedy*\adam-kennedy-3,Arkansas State,Sun Belt,13,218,315,69.2,2363,7.5,7.3,11,6,139.9,153,524,3.4,4
53,Cooper Rush\cooper-rush-1,Central Michigan,MAC,11,177,312,56.7,2349,7.5,6.3,15,15,126.2,38,-84,-2.2,1
54,Clint Chelf*\clint-chelf-1,Oklahoma State,Big 12,12,164,291,56.4,2169,7.5,7.4,17,8,132.7,63,369,5.9,7
55,Grant Hedrick*\grant-hedrick-1,Boise State,MWC,13,167,242,69.0,1825,7.5,7.9,16,5,150.0,68,277,4.1,6
56,Derek Thompson*\derek-thompson-1,North Texas,CUSA,13,251,390,64.4,2896,7.4,6.7,16,13,133.6,64,157,2.5,3
57,Joel Stave*\joel-stave-1,Wisconsin,Big Ten,13,208,336,61.9,2494,7.4,7.0,22,13,138.1,37,-22,-0.6,1
58,Connor Cook*\connor-cook-1,Michigan State,Big Ten,14,223,380,58.7,2755,7.3,7.7,22,6,135.5,69,76,1.1,1
59,Dak Prescott*\dak-prescott-1,Mississippi State,SEC,11,156,267,58.4,1940,7.3,6.8,10,7,126.6,134,829,6.2,13
60,Jaquez Johnson\jaquez-johnson-1,Florida Atlantic,CUSA,11,149,256,58.2,1876,7.3,6.9,12,8,129.0,172,772,4.5,10
61,Brett Smith\brett-smith-1,Wyoming,MWC,12,293,467,62.7,3375,7.2,7.4,29,11,139.2,125,573,4.6,4
62,Logan Thomas*\logan-thomas-1,Virginia Tech,ACC,13,227,402,56.5,2907,7.2,6.5,15,13,123.1,162,344,2.1,4
63,Jordan Lynch*\jordan-lynch-1,Northern Illinois,MAC,14,253,404,62.6,2892,7.2,7.5,24,8,138.4,292,1920,6.6,23
64,Eric Soza\eric-soza-1,UTSA,CUSA,12,236,377,62.6,2719,7.2,6.5,12,11,127.9,97,369,3.8,7
65,Taylor McHargue*\taylor-mchargue-1,Rice,CUSA,14,169,324,52.2,2345,7.2,7.2,17,8,125.3,157,464,3.0,5
66,Trevor Siemian\trevor-siemian-1,Northwestern,Big Ten,12,178,298,59.7,2149,7.2,6.6,11,9,126.4,48,33,0.7,0
67,Logan Kilgore*\logan-kilgore-1,Middle Tennessee State,CUSA,13,216,355,60.8,2507,7.1,6.3,16,13,127.7,35,20,0.6,2
68,Andrew McDonald\andrew-mcdonald-2,New Mexico State,Ind,12,233,350,66.6,2497,7.1,6.6,15,11,134.4,104,256,2.5,4
69,Gary Nova*\gary-nova-1,Rutgers,American,10,165,303,54.5,2159,7.1,6.2,18,14,124.7,50,-93,-1.9,1
70,Blake Bell*\blake-bell-1,Oklahoma,Big 12,11,140,233,60.1,1648,7.1,7.1,12,5,132.2,75,255,3.4,0
71,Garrett Gilbert\garrett-gilbert-1,SMU,American,10,335,504,66.5,3528,7.0,7.2,21,7,136.2,83,267,3.2,6
72,John O'Korn*\john-okorn-1,Houston,American,13,259,446,58.1,3117,7.0,7.2,28,10,133.0,77,104,1.4,1
73,Joe Licata*\joe-licata-1,Buffalo,MAC,13,233,402,58.0,2824,7.0,7.3,24,8,132.7,34,-64,-1.9,1
74,Anthony Boone*\anthony-boone-1,Duke,ACC,11,206,322,64.0,2260,7.0,6.0,13,13,128.2,66,214,3.2,5
75,Terrance Owens\terrance-owens-1,Toledo,MAC,12,191,318,60.1,2230,7.0,6.9,18,9,132.0,48,164,3.4,2
76,Philip Nelson\philip-nelson-1,Minnesota,Big Ten,11,94,186,50.5,1306,7.0,6.5,9,6,119.0,93,364,3.9,6
77,Maxwell Smith\maxwell-smith-1,Kentucky,SEC,9,105,183,57.4,1276,7.0,7.7,9,1,131.1,30,-92,-3.1,0
78,Ronnie Bell\ronnie-bell-1,Georgia State,Sun Belt,12,188,375,50.1,2573,6.9,6.3,15,11,115.1,80,113,1.4,3
79,Jake Rudock*\jake-rudock-1,Iowa,Big Ten,13,204,346,59.0,2383,6.9,6.2,18,13,126.5,67,218,3.3,5
80,Tyler Benz\tyler-benz-1,Eastern Michigan,MAC,11,129,217,59.4,1497,6.9,6.0,10,9,124.3,44,4,0.1,0
81,Taysom Hill*\taysom-hill-1,Brigham Young,Ind,13,236,438,53.9,2938,6.7,6.1,19,14,118.1,246,1344,5.5,10
82,Caleb Herring*\caleb-herring-1,UNLV,MWC,13,256,405,63.2,2718,6.7,7.3,24,5,136.7,127,346,2.7,5
83,Pete Thomas\pete-thomas-1,North Carolina State,ACC,9,149,247,60.3,1667,6.7,5.4,4,9,115.1,72,163,2.3,2
84,Jared Goff\jared-goff-1,California,Pac-12,12,320,530,60.4,3508,6.6,6.4,18,10,123.4,59,-62,-1.1,1
85,B.J. Denker*\bj-denker-1,Arizona,Pac-12,13,233,381,61.2,2516,6.6,6.6,16,7,126.8,181,949,5.2,13
86,Connor Halliday*\connor-halliday-1,Washington State,Pac-12,13,449,714,62.9,4597,6.4,6.0,34,22,126.5,50,-177,-3.5,0
87,Nick Mullens\nick-mullens-1,Southern Mississippi,CUSA,9,136,276,49.3,1776,6.4,5.1,13,14,108.7,40,-103,-2.6,2
88,Zach Terrell\zach-terrell-1,Western Michigan,MAC,9,133,251,53.0,1602,6.4,5.6,8,8,110.7,42,0,0.0,0
89,Sam B. Richardson\sam-b-richardson-1,Iowa State,Big 12,11,121,220,55.0,1397,6.4,5.9,11,7,118.5,101,356,3.5,2
90,Kolton Browning\kolton-browning-1,Louisiana-Monroe,Sun Belt,10,200,352,56.8,2179,6.2,6.4,21,8,124.0,98,229,2.3,2
91,Colin Reardon\colin-reardon-1,Kent State,MAC,11,186,316,58.9,1957,6.2,5.7,12,9,117.7,88,336,3.8,2
92,Kyle Pohl\kyle-pohl-1,Akron,MAC,12,225,402,56.0,2438,6.1,5.6,14,10,113.4,72,96,1.3,3
93,Ryan Higgins\ryan-higgins-1,Louisiana Tech,CUSA,9,166,281,59.1,1715,6.1,4.4,6,13,108.1,62,19,0.3,3
94,Terrel Hunt*\terrel-hunt-1,Syracuse,ACC,12,167,273,61.2,1632,6.0,5.4,10,8,117.6,107,500,4.7,7
95,Brandon Allen\brandon-allen-2,Arkansas,SEC,11,128,258,49.6,1552,6.0,5.3,13,10,109.0,29,29,1.0,1
96,Tanner Price\tanner-price-1,Wake Forest,ACC,12,206,378,54.5,2233,5.9,5.4,13,10,110.2,123,240,2.0,5
97,Paxton Lynch\paxton-lynch-1,Memphis,American,12,203,349,58.2,2056,5.9,5.1,9,10,110.4,88,127,1.4,2
98,Case McCoy*\case-mccoy-1,Texas,Big 12,13,187,329,56.8,1933,5.9,4.8,11,13,109.3,27,-1,0.0,3
99,Nick Montana*\nick-montana-1,Tulane,CUSA,11,158,296,53.4,1717,5.8,5.2,14,10,111.0,45,4,0.1,0
100,Jake Heaps\jake-heaps-1,Kansas,Big 12,11,128,261,49.0,1414,5.4,4.3,8,10,97.0,40,-162,-4.1,1
101,A.J. Doyle\aj-doyle-1,Massachusetts,MAC,11,128,235,54.5,1274,5.4,3.8,6,11,99.1,65,151,2.3,0
102,David Watford\david-watford-1,Virginia,ACC,12,244,427,57.1,2202,5.2,4.0,8,15,99.6,104,208,2.0,3